2063,652,115,66,64
2073,652
2083,651
0,635,115,66,64
0,635
1,635
1,634
1,634
2,634
2,634
2,634
3,634
5,634
12,634
20,634
28,634
36,634
46,633
54,633
62,634
70,633
78,633
87,633
95,633
103,633
113,633
122,632
132,632
141,632
150,632
159,632
168,632
179,632
188,632
197,632
206,632
216,632
225,631
234,632
244,631
253,632
263,632
272,632
281,632
290,631
300,631
310,631
319,631
328,631
337,631
347,631
356,630
365,631
375,630
385,630
394,630
403,629
412,630
421,629
431,629
441,629
450,629
459,628
468,629
478,628
487,628
496,628
505,628
516,627
525,628
534,627
543,627
552,627
562,627
571,627
581,627
590,627
600,626
609,626
618,626
627,626
636,625
647,626
656,625
665,626
674,626
684,626
693,625
702,625
712,626
721,626
731,627
740,628
749,629
758,630
768,631
778,633
787,632
796,633
805,633
815,633
824,634
833,634
843,634
852,634
862,634
871,634
880,634
889,633
899,633
909,633
918,633
927,633
936,632
946,632
955,632
964,633
974,632
984,632
993,632
1002,631
1012,632
1022,631
1033,632
1044,632
1054,631
1064,632
1075,631
1085,632
1095,631
1106,632
1117,631
1127,631
1137,632
1147,631
1158,631
1168,631
1179,631
1189,630
1200,631
1210,630
1220,630
1230,630
1242,630
1252,630
1262,629
1272,629
1283,628
1293,629
1303,628
1314,628
1325,628
1335,628
1345,628
1355,627
1366,627
1377,627
1387,627
1397,626
1408,627
1418,627
1428,626
1439,626
1449,626
1460,627
1470,626
1480,626
1490,625
1501,625
1512,625
1522,625
1532,625
1543,625
1553,625
1563,626
1574,626
1585,627
1595,628
1605,629
1615,630
1626,632
1636,633
1647,633
1657,634
1668,634
1678,634
1688,635
1698,635
1710,635
1720,636
1730,635
1740,635
1751,634
1761,635
1772,635
1782,635
1793,634
1803,634
1813,634
1823,634
1833,634
1845,634
1855,634
1865,634
1875,633
1886,634
1896,634
1907,634
1917,634
1928,634
1938,634
1948,634
1958,634
1969,633
1980,634
1990,633
2000,633
2011,633
2021,633
2031,633
2042,632
2053,633
2063,632
2073,632
2083,631
2094,632
2105,631
2115,631
2125,631
2136,631
2146,631
2156,630
2166,630
2178,630
2188,630
2198,629
2208,630
2219,630
2229,629
2240,629
2250,629
2260,629
2271,629
2281,629
2291,629
2301,628
2313,628
2323,628
2333,628
2343,628
2354,627
2364,627
2375,627
2385,627
2396,627
2406,627
2416,626
2426,627
2438,626
2448,626
2458,626
2468,626
2479,627
2489,627
2499,628
2510,629
2521,630
2531,631
2541,632
2551,634
2562,634
2573,636
2583,635
2593,635
2604,635
2614,635
2624,635
2634,635
2646,635
2656,635
2666,636
2676,635
2686,635
2697,635
2708,634
2718,635
2728,634
2739,635
2749,634
2759,634
2770,633
2781,634
2791,633
2801,633
2811,633
2822,633
2832,634
2843,633
2853,633
2864,633
2874,633
2884,633
2894,633
2906,633
2916,633
2926,633
2936,633
2947,633
2957,632
2967,632
2978,632
2989,632
2999,632
3009,631
3019,632
3030,631
3041,631
3051,631
3061,631
3072,631
3082,630
3092,630
3103,630
3113,630
3124,630
3134,630
3144,629
3154,629
3165,629
3176,629
3186,630
3196,629
3207,629
3217,628
3227,629
3238,628
3249,628
3259,628
3269,628
3279,628
3290,628
3300,627
3311,627
3321,627
3332,627
3342,628
3352,628
3362,629
3374,630
3384,631
3394,632
3404,633
3415,635
3425,635
3436,636
3446,636
3457,636
3467,636
3477,636
3487,637
3497,636
3509,636
3519,636
3529,636
3539,636
3550,636
3560,636
3571,635
3581,635
3592,635
3602,635
3612,634
3622,634
3633,634
3644,635
3654,634
3664,635
3675,635
3685,635
3695,634
3706,635
3717,635
3727,635
3737,635
3747,635
3758,635
3769,634
3779,635
3789,635
3800,635
3810,634
3820,634
3830,634
3842,634
3852,634
3862,633
3872,633
3883,633
3893,633
3904,633
3914,633
3924,632
3935,632
3945,632
3955,632
3965,632
3977,632
3987,632
3997,631
4007,632
4018,631
4028,632
4039,631
4049,631
4060,631
4070,631
4080,631
4090,630
4102,631
4112,630
4122,631
4132,630
4143,630
4153,629
4163,630
4174,630
4185,630
4195,631
4205,632
4215,634
4226,635
4237,636
4247,637
4257,638
4268,639
4278,639
4288,640
4298,640
4310,641
4320,641
4330,641
4340,641
4350,641
4361,641
4372,641
4382,641
4392,641
4403,641
4413,641
4423,641
4434,640
4445,640
4455,640
4465,640
4475,640
4486,640
4496,641
4507,640
4517,640
4528,640
4538,640
4548,640
4558,640
4570,640
4580,640
4590,640
4600,640
4611,640
4621,641
4631,640
4642,640
4653,640
4663,640
4673,640
4683,639
4694,639
4705,639
4715,640
4725,639
4736,639
4746,639
4756,639
4767,638
4777,638
4788,638
4798,638
4808,639
4818,638
4829,638
4840,638
4850,637
4860,637
4871,637
4881,637
4891,637
4902,637
4913,637
4923,637
4933,636
4943,637
4954,636
4964,637
4975,637
4985,637
4996,637
5006,637
5016,636
5026,636
5038,636
5048,636
5058,637
5068,637
5079,637
5089,639
5100,640
5110,641
5121,642
5131,644
5141,645
5151,645
5161,646
5173,646
5183,647
5193,647
5203,647
5214,647
5224,647
5235,647
5245,647
5256,648
5266,647
5276,647
5286,647
5297,647
5308,647
5318,647
5328,646
5339,646
5349,647
5359,646
5370,647
5381,646
5391,647
5401,647
5411,647
5422,647
5433,647
5443,647
5453,647
5464,648
5474,647
5484,648
5494,647
5506,647
5516,648
5526,647
5536,647
5547,647
5557,648
5568,647
5578,647
5588,647
5599,647
5609,646
5619,647
5629,646
5641,646
5651,646
5661,646
5671,646
5682,646
5692,647
5703,646
5713,646
5724,646
5734,646
5744,646
5754,646
5766,645
5776,646
5786,646
5796,646
5807,646
5817,646
5827,646
5838,645
5849,646
5859,645
5869,645
5879,645
5890,646
5901,646
5911,646
5921,647
5932,649
5942,650
5952,651
5962,653
5974,653
5984,654
5994,654
6004,656
6014,656
6025,656
6036,656
6046,656
6056,657
6067,656
6077,656
6087,656
6098,656
6109,656
6119,656
6129,656
6139,656
6150,656
6160,655
6171,656
6181,656
6192,656
6202,655
6212,656
6222,656
6234,656
6244,656
6254,656
6264,657
6275,656
6285,656
6295,656
6306,657
6317,657
6327,657
6337,657
6347,657
6358,657
6369,657
6379,657
6389,657
6400,657
6410,657
6420,656
6431,657
6441,657
6452,656
6462,656
6472,657
6482,656
6493,657
6504,657
6514,656
6524,657
6535,656
6545,657
6555,656
6566,656
6577,656
6587,656
6597,657
6607,656
6618,656
6628,656
6639,656
6649,656
6660,656
6670,656
6680,656
6690,656
6702,656
6712,656
6722,656
6732,656
6743,656
6753,656
6764,657
6774,657
6785,657
6795,657
6805,657
6815,658
6825,659
6837,661
6847,662
6857,664
6867,664
6878,665
6888,666
6899,666
6909,667
6920,667
6930,668
6940,667
6950,669
6961,668
6972,668
6982,668
6992,669
7003,668
7013,669
7023,669
7034,668
7045,668
7055,668
7065,668
7075,668
7086,669
7097,668
7107,669
7117,669
7128,669
7138,669
7148,670
7158,669
7170,669
7180,670
7190,670
7200,669
7211,670
7221,670
7232,670
7242,670
7252,670
7263,670
7273,670
7283,671
7293,670
7305,671
7315,671
7325,671
7335,670
7346,671
7356,671
7367,671
7377,671
7388,671
7398,672
7408,671
7418,672
7430,672
7440,672
7450,672
7460,672
7471,673
7481,672
7491,673
7502,673
7513,673
7523,673
7533,673
7543,674
7554,673
7565,674
7575,673
7585,674
7596,674
7606,674
7616,674
7626,674
7638,674
7648,674
7658,675
7668,674
7678,674
7689,674
7700,675
7710,674
7720,675
7731,675
7741,675
7751,676
7762,675
7773,676
7783,677
7793,678
7803,678
7814,680
7824,679
7835,680
7845,681
7856,681
7866,681
7876,682
7886,682
7898,682
7908,683
7918,682
7928,683
7939,683
7949,683
7959,683
7970,683
7981,683
7991,683
8001,684
8011,683
8022,684
8033,684
8043,684
8053,684
8064,685
8074,685
8084,685
8095,686
8105,685
8116,686
8126,686
8136,686
8146,686
8157,686
8168,686
8178,687
8188,686
8199,686
8209,686
8219,687
8230,687
8241,687
8251,687
8261,687
8271,688
8282,687
8292,687
8303,687
8313,687
8324,687
8334,687
8344,687
8354,687
8366,688
8376,688
8386,688
8396,688
8407,688
8417,688
8428,688
8438,688
8449,688
8459,688
8469,688
8479,688
8489,688
8501,689
8511,688
8521,689
8531,688
8542,689
8552,689
8563,689
8573,689
8584,688
8594,689
8604,689
8614,689
8625,689
8636,690
8646,689
8656,689
8667,690
8677,690
8687,690
8698,690
8709,691
8719,691
8729,692
8739,692
8750,693
8761,693
8771,693
8781,693
8792,694
8802,694
8812,695
8822,695
8834,695
8844,695
8854,695
8864,696
8875,695
8885,697
8896,696
8906,696
8916,696
8927,696
8937,697
8947,697
8957,697
8969,697
8979,698
8989,697
8999,698
9010,698
9020,698
9031,697
9041,698
9052,698
9062,698
9072,699
9082,698
9094,699
9104,699
9114,699
9124,698
9135,699
9145,698
9155,699
9166,699
9177,699
9187,699
9197,699
9207,700
9218,699
9229,699
9239,700
9249,700
9260,700
9270,700
9280,701
9290,700
9302,700
9312,700
9322,700
9332,700
9342,700
9353,700
9364,700
9374,701
9384,701
9395,701
9405,700
9415,701
9426,701
9437,701
9447,701
9457,701
9467,701
9478,701
9488,701
9499,701
9509,701
9520,701
9530,702
9540,701
9550,702
9562,702
9572,702
9582,702
9592,702
9603,702
9613,702
9623,702
9634,702
9645,702
9655,702
9665,703
9675,703
9686,703
9697,702
9707,703
9717,703
9728,703
9738,703
9748,703
9759,704
9769,704
9780,704
9790,704
9800,704
9810,704
9821,704
9832,704
9842,705
9852,705
9863,704
9873,705
9883,705
9894,705
9905,705
9915,705
9925,705
9935,705
9946,705
9956,705
9967,705
9977,705
9988,705
9998,706
10008,705
10019,705
10032,706
10043,706
10054,705
10065,706
10077,706
10088,706
10100,706
10112,706
10123,706
10134,707
10145,706
10157,706
10169,706
10180,706
10191,706
10203,706
10214,707
10226,706
10237,707
10249,707
10260,707
10271,706
10283,707
10295,707
10306,707
10317,706
10329,707
10340,707
10351,707
10363,707
10375,707
10386,707
10397,707
10408,707
10420,707
10432,707
10443,707
10455,707
10466,707
10477,707
10488,708
10501,707
10512,707
10523,707
10534,708
10546,708
10558,708
10569,708
10580,707
10592,708
10603,708
10614,708
10627,707
10638,708
10649,708
10660,708
10672,707
10683,708
10695,708
10706,708
10718,708
10729,708
10740,708
10752,708
10764,708
10775,707
10786,708
10798,708
10809,708
10820,707
10832,708
10844,709
10855,708
10866,708
10877,708
10889,708
10901,708
10912,708
10924,708
10935,708
10946,708
10958,708
10970,708
10981,708
10992,709
11003,708
11015,709
11027,708
11038,708
11049,708
11061,708
11072,708
11083,708
11096,708
11107,708
11118,708
11129,708
11141,708
11152,708
11164,708
11175,708
11187,708
11198,708
11209,709
11220,708
11233,708
11244,708
11255,709
11267,708
11278,708
11290,708
11301,708
11313,709
11324,708
11335,708
11346,708
11359,709
11370,709
11381,709
11393,708
11404,709
11415,709
11427,708
11439,708
11450,708
11461,709
11472,709
11484,709
11496,708
11507,709
11518,709
11530,708
11541,708
11552,708
11565,709
11576,709
11587,709
11598,708
11610,709
11621,709
11633,709
11644,708
11656,708
11667,709
11678,709
11691,708
11702,708
11713,709
11724,709
11736,708
11747,709
11759,709
11770,709
11782,709
11793,709
11804,708
11815,708
11828,709
11839,708
11850,708
11862,709
11873,709
11884,709
11896,708
11908,709
11919,709
11930,710
11941,709
11953,708
11965,709
11976,709
11987,708
11999,708
12010,708
12022,709
12034,709
12045,708
12056,708
12067,708
12079,709
12091,708
12102,709
12113,709
12125,709
12136,709
12147,708
12160,708
12171,708
12182,709
12193,708
12205,709
12216,708
12228,709
12239,709
12251,708
12262,708
12273,708
12284,709
12297,708
12308,708
12319,708
12331,709
12342,708
12353,708
12365,708
12377,709
12388,709
12399,708
12410,708
12423,708
12434,708
12445,708
12456,708
12468,708
12479,709
12491,708
12503,708
12514,708
12525,708
12536,708
12548,708
12560,708
12571,708
12582,708
12594,708
12605,708
12616,708
12628,708
12640,708
12651,708
12662,707
12674,708
12685,708
12697,708
12708,707
12720,708
12731,708
12742,708
12754,707
12766,707
12777,707
12788,708
12800,707
12811,707
12823,708
12834,708
12846,708
12857,707
12868,707
12879,707
12892,707
12903,707
12914,707
12925,707
12937,707
12948,708
12960,707
12972,707
12983,707
12994,708
13005,707
13017,707
13029,707
13040,707
13051,707
13063,707
13074,707
13085,707
13097,707
13109,707
13120,707
13131,706
13143,707
13155,707
13166,706
13177,706
13189,706
13200,707
13211,706
13223,707
13235,706
13246,706
13257,706
13268,706
13280,706
13292,706
13303,706
13315,706
13326,706
13337,706
13348,706
13361,706
13372,706
13383,706
13394,706
13406,707
13417,706
13429,706
13441,705
13452,706
13463,706
13474,706
13487,706
13498,705
13509,706
13520,705
13532,705
13543,705
13555,706
13566,705
13578,705
13589,705
13600,705
13612,706
13624,705
13635,705
13646,705
13658,705
13669,705
13680,705
13692,704
13704,704
13715,704
13726,704
13737,704
13749,704
13761,705
13772,704
13784,704
13795,704
13806,704
13817,704
13830,704
13841,704
13852,704
13863,704
13875,704
13887,704
13898,703
13910,703
13921,704
13932,704
13943,704
13956,703
13967,703
13978,704
13989,704
14001,703
14012,703
14024,704
14035,703
14047,703
14058,703
14069,703
14081,703
14093,703
14104,703
14115,702
14127,703
14138,702
14149,702
14161,703
14173,702
14184,703
14195,702
14206,702
14219,702
14230,703
14241,702
14253,702
14264,702
14275,703
14287,702
14299,702
14310,702
14321,702
14332,702
14344,702
14356,701
14367,701
14379,701
14390,701
14401,701
14412,701
14425,701
14436,702
14447,701
14458,701
14470,701
14481,701
14493,701
14504,701
14516,701
14527,700
14538,701
14550,700
14562,701
14573,700
14584,701
14596,700
14607,700
14619,700
14630,700
14642,700
14653,700
14664,699
14675,700
14688,700
14699,699
14710,699
14722,699
14733,699
14744,699
14756,699
14768,699
14779,699
14790,699
14801,699
14813,699
14825,698
14836,699
14848,699
14859,698
14870,699
14881,698
14894,699
14905,698
14916,698
14927,698
14939,698
14951,698
14962,698
14973,698
14985,697
14996,698
15007,698
15020,697
15031,698
15042,697
15053,698
15065,697
15076,697
15088,697
15099,697
15111,697
15122,697
15133,697
15144,696
15157,697
15168,697
15179,696
15191,696
15202,697
15213,697
15225,697
15237,696
15248,696
15259,697
15270,696
15282,696
15294,697
15305,696
15316,697
15328,696
15339,696
15351,696
15363,696
15374,696
15385,696
15396,696
15408,696
15420,696
15431,696
15442,696
15454,696
15465,696
15476,696
15489,695
15500,696
15511,695
15522,696
15534,695
15545,695
15557,695
15568,695
15580,695
15591,695
15602,695
15613,695
15626,695
15637,695
15648,694
15660,694
15671,695
15683,695
15694,694
15706,694
15717,694
15728,695
15739,694
15752,694
15763,694
15774,694
15785,694
15797,694
15808,694
15820,694
15832,694
15843,694
15854,694
15865,694
15877,694
15889,694
15900,694
15911,694
15923,693
15934,694
15945,693
15958,693
15969,693
15980,694
15991,693
16003,693
16014,693
16026,693
16037,693
16049,694
16060,693
16071,693
16083,693
16095,693
16106,693
16117,693
16129,692
16140,693
16152,692
16163,693
16175,693
16186,693
16197,693
16208,692
16221,693
16232,692
16243,693
16254,692
16266,692
16277,692
16289,692
16301,692
16312,692
16323,692
16334,692
16346,692
16358,692
16369,691
16380,691
16392,692
16403,692
16415,692
16427,691
16438,692
16449,692
16460,692
16472,692
16484,691
16495,692
16506,692
16518,692
16529,691
16540,691
16552,691
16564,692
16575,691
16586,691
16598,691
16609,691
16621,691
16632,691
16644,691
16655,691
16666,691
16677,691
16690,691
16701,691
16712,691
16723,691
16735,690
16746,691
16758,690
16770,691
16781,690
16792,690
16803,691
16816,690
16827,690
16838,690
16849,690
16861,691
16872,690
16884,690
16896,690
16907,690
16918,690
16929,690
16941,689
16953,690
16964,690
16975,690
16987,690
16998,690
17009,690
17021,689
17033,690
17044,690
17055,690
17067,690
17078,690
17090,689
17101,690
17113,690
17124,689
17135,689
17147,689
17159,689
17170,689
17181,689
17192,689
17204,690
17216,689
17227,690
17239,689
17250,689
17261,689
17272,689
17285,689
17296,689
17307,689
17318,689
17330,688
17341,688
17353,689
17364,688
17376,688
17387,688
17398,688
17410,689
17422,688
17433,688
17444,688
17456,688
17467,688
17478,688
17490,688
17502,688
17513,689
17524,688
17536,688
17548,688
17559,688
17570,688
17582,688
17593,687
17604,688
17616,688
17628,687
17639,687
17650,687
17661,688
17673,688
17685,687
17696,687
17708,687
17719,688
17730,687
17741,687
17754,687
17765,687
17776,687
17787,687
17799,687
17810,687
17822,688
17833,687
17845,687
17856,687
17867,687
17880,687
17891,687
17902,686
17913,687
17925,687
17936,687
17948,687
17959,686
17971,686
17982,687
17993,686
18004,687
18017,686
18028,686
18039,686
18051,686
18062,686
18073,687
18085,686
18097,686
18108,686
18119,686
18130,686
18142,686
18154,686
18165,686
18177,686
18188,687
18199,686
18210,686
18223,686
18234,686
18245,686
18256,686
18268,686
18280,686
18291,686
18302,686
18314,686
18325,686
18336,686
18349,685
18360,686
18371,686
18382,685
18394,685
18405,686
18417,686
18428,686
18440,685
18451,685
18462,685
18473,686
18486,685
18497,685
18508,685
18520,685
18531,685
18542,685
18554,685
18566,685
18577,685
18588,685
18599,685
18612,685
18623,685
18634,684
18646,685
18657,685
18668,684
18680,685
18692,684
18703,685
18714,685
18725,684
18737,684
18749,685
18760,684
18771,684
18783,684
18794,684
18805,685
18818,684
18829,684
18840,684
18851,684
18863,684
18874,684
18886,684
18897,684
18909,684
18920,684
18931,684
18942,684
18955,683
18966,683
18977,684
18989,684
19000,683
19012,683
19023,683
19035,684
19046,683
19057,683
19068,683
19081,683
19092,684
19103,683
19115,683
19126,683
19137,683
19149,683
19161,683
19172,683
19183,683
19194,682
19206,683
19218,683
19229,683
19240,682
19252,682
19263,682
19274,683
19287,682
19298,683
19309,682
19320,682
19332,683
19344,683
19355,682
19366,682
19378,682
19389,682
19400,682
19412,682
19424,682
19435,682
19446,682
19458,681
19469,681
19481,682
19492,682
19504,682
19515,681
19526,682
19537,681
19550,682
19561,682
19572,682
19584,681
19595,682
19606,681
19618,681
19630,681
19641,681
19652,681
19663,681
19675,681
19687,681
19698,681
19709,681
19721,681
19732,681
19744,681
19756,681
19767,681
19778,681
19789,681
19801,681
19813,681
19824,681
19835,680
19847,680
19858,681
19869,680
19881,681
19893,680
19904,680
19915,680
19927,680
19938,680
19950,680
19961,680
19973,680
19984,680
19995,680
20006,680
20019,680
20030,680
20041,679
20052,680
20064,680
20076,680
20087,679
20099,680
20110,680
20121,680
20132,680
20145,679
20156,679
20167,680
20178,679
20190,679
20201,679
20213,679
20225,679
20236,679
20247,679
20258,679
20270,679
20282,679
20293,679
20304,678
20316,679
20327,679
20338,679
20350,678
20362,679
20373,679
20384,678
20396,678
20407,678
20419,679
20430,678
20442,678
20453,679
20464,679
20476,678
20488,678
20499,678
20510,678
20521,678
20533,678
20545,678
20556,678
20568,678
20579,678
20590,678
20601,678
20614,678
20625,678
20636,678
20647,678
20659,678
20670,678
20682,677
20694,677
20705,677
20716,678
20727,678
20739,677
20751,677
20762,677
20773,677
20785,677
20796,677
20808,677
20819,678
20831,678
20842,677
20853,677
20865,677
20877,677
20888,677
20899,677
20911,677
20922,677
20933,677
20945,677
20957,677
20968,676
20979,677
20990,676
21002,676
21014,676
21025,676
21037,676
21048,676
21059,676
21070,676
21083,676
21094,676
21105,676
21116,676
21128,677
21139,676
21151,675
21163,676
21174,676
21185,676
21196,675
21209,675
21220,675
21231,676
21242,675
21254,675
21265,676
21277,675
21288,675
21300,675
21311,675
21322,675
21334,675
21346,675
21357,675
21368,676
21380,676
21391,675
21402,675
21414,675
21426,675
21437,675
21448,675
21459,674
21471,675
21483,675
21494,674
21506,674
21517,674
21528,675
21540,675
21552,674
21563,674
21574,674
21585,674
21597,674
21609,674
21620,674
21632,674
21643,674
21654,674
21665,674
21678,674
21689,674
21700,674
21711,674
21723,674
21734,674
21746,674
21757,673
21769,673
21780,674
21791,674
21803,673
21815,673
21826,673
21837,674
21849,673
21860,673
21871,673
21883,673
21895,673
21906,673
21917,673
21928,673
21941,673
21952,673
21963,672
21975,672
21986,673
21997,672
22009,672
22021,672
22032,673
22043,673
22054,672
22066,672
22078,673
22089,672
22100,672
22112,672
22123,672
22134,672
22147,672
22158,672
22169,672
22180,672
22192,672
22203,672
22215,672
22226,672
22238,672
22249,672
22260,672
22273,672
22284,672
22295,672
22306,671
22318,671
22329,672
22341,672
22352,671
22364,671
22375,671
22386,671
22397,671
22410,671
22421,671
22432,671
22444,671
22455,671
22466,671
22478,671
22490,671
22501,671
22512,670
22523,670
22535,671
22547,671
22558,671
22569,670
22581,670
22592,670
22603,670
22616,670
22627,670
22638,670
22649,670
22661,670
22673,670
22684,670
22695,670
22707,671
22718,670
22729,669
22742,670
22753,670
22764,670
22775,670
22787,670
22798,670
22810,670
22821,670
22833,669
22844,669
22855,669
22866,670
22879,669
22890,669
22901,669
22913,669
22924,669
22935,669
22947,669
22959,669
22970,669
22981,669
22992,669
23005,668
23016,669
23027,669
23038,669
23050,668
23061,669
23073,668
23085,669
23096,669
23107,668
23118,669
23130,669
23142,668
23153,668
23164,668
23176,668
23187,668
23198,668
23211,668
23222,669
23233,668
23244,668
23256,668
23267,668
23279,668
23290,668
23302,668
23313,668
23324,668
23335,668
23348,667
23359,668
23370,668
23382,667
23393,667
23405,667
23416,668
23428,667
23439,667
23450,667
23461,667
23474,668
23485,667
23496,667
23507,667
23519,667
23530,667
23542,667
23554,666
23565,667
23576,666
23587,667
23599,666
23611,666
23622,667
23633,666
23645,666
23656,666
23667,667
23680,666
23691,666
23702,666
23713,666
23725,666
23737,666
23748,666
23759,666
23771,666
23782,665
23793,666
23805,666
23817,666
23828,666
23839,665
23851,666
23862,666
23874,665
23885,665
23897,665
23908,665
23919,665
23930,665
23943,665
23954,665
23965,665
23976,665
23988,665
23999,665
24011,665
24023,665
24034,665
24045,665
24056,665
24068,665
24080,665
24091,665
24102,665
24114,665
24125,665
24137,664
24148,664
24160,665
24171,665
24182,664
24194,664
24206,665
24217,665
24228,665
24240,664
24251,665
24262,664
24274,664
24286,664
24297,664
24308,664
24320,664
24331,664
24343,664
24354,664
24366,664
24377,664
24388,664
24399,664
24412,664
24423,664
24434,663
24445,664
24457,664
24469,663
24480,663
24492,663
24503,664
24514,663
24525,663
24538,663
24549,663
24560,664
24571,663
24583,663
24594,663
24606,663
24617,663
24629,663
24640,662
24651,663
24663,663
24675,662
24686,663
24697,663
24709,663
24720,662
24731,663
24743,663
24755,663
24766,662
24777,662
24788,662
24800,663
24812,662
24823,662
24835,662
24846,662
24857,662
24869,662
24881,662
24892,662
24903,662
24914,661
24926,662
24938,662
24949,662
24961,661
24972,661
24983,661
24994,661
25007,661
25018,662
25029,661
25040,661
25052,661
25063,661
25075,660
25086,661
25098,661
25109,661
25120,661
25132,661
25144,661
25155,661
25166,661
25178,661
25189,661
25201,661
25212,660
25224,661
25235,661
25246,660
25257,660
25270,660
25281,661
25292,660
25304,660
25315,660
25326,661
25338,660
25350,660
25361,660
25372,660
25383,660
25395,660
25407,660
25418,660
25430,660
25441,660
25452,660
25463,660
25476,660
25487,660
25498,659
25509,659
25521,660
25532,659
25544,659
25555,660
25567,660
25578,659
25589,659
25602,659
25613,659
25624,659
25635,659
25647,659
25658,660
25670,659
25681,659
25693,659
25704,659
25715,659
25726,658
25739,658
25750,658
25761,659
25773,659
25784,658
25795,658
25807,658
25819,658
25830,658
25841,658
25852,658
25864,658
25876,658
25887,658
25899,658
25910,657
25921,658
25933,657
25945,658
25956,657
25967,658
25978,657
25990,658
26002,657
26013,657
26024,657
26036,657
26047,657
26058,658
26071,658
26082,657
26093,657
26104,657
26116,657
26127,657
26139,657
26150,657
26162,658
26173,657
26184,657
26195,657
26208,657
26219,657
26230,657
26242,656
26253,657
26264,657
26276,657
26288,657
26299,656
26310,657
26321,657
26334,656
26345,656
26356,657
26368,657
26379,657
26390,656
26402,656
26414,656
26425,656
26436,656
26447,656
26459,656
26471,656
26482,656
26493,656
26505,657
26516,656
26527,656
26540,656
26551,656
26562,656
26573,656
26585,655
26596,655
26608,656
26619,655
26631,655
26642,655
26653,656
26665,656
26677,655
26688,655
26699,655
26711,655
26722,655
26734,655
26745,655
26757,655
26768,655
26779,655
26790,655
26803,654
26814,655
26825,655
26836,655
26848,655
26859,654
26871,655
26883,655
26894,654
26905,654
26916,654
26928,654
26940,654
26951,654
26962,654
26974,654
26985,654
26996,654
27009,654
27020,654
27031,654
27042,654
27054,654
27066,654
27077,654
27088,654
27100,654
27111,654
27122,654
27134,654
27146,654
27157,654
27168,654
27180,654
27191,654
27203,654
27214,654
27226,653
27237,653
27248,653
27259,654
27272,654
27283,653
27294,653
27305,653
27317,653
27328,653
27340,652
27352,653
27363,653
27374,653
27385,653
27398,652
27409,653
27420,653
27431,653
27443,652
27454,653
27466,652
27478,652
27489,653
27500,653
27511,652
27523,652
27535,652
27546,652
27557,652
27569,652
27580,652
27591,652
27603,652
27615,652
27626,652
27637,652
27649,652
27660,652
27672,652
27683,652
27695,653
27706,652
27717,651
27728,652
27741,652
27752,652
27763,652
27774,652
27786,652
27798,652
27809,651
27821,651
27832,652
27843,652
27854,652
27867,651
27878,651
27889,652
27900,652
27912,651
27923,651
27935,652
27947,651
27958,651
27969,651
27980,651
27992,651
28004,651
28015,651
28026,651
28038,651
28049,652
28060,652
28072,652
28084,651
28095,652
28106,651
28118,651
28130,651
28141,651
28152,651
28164,651
28175,651
28186,650
28198,651
28210,651
28221,651
28232,651
28243,650
28255,651
28267,651
28278,650
28290,650
28301,651
28312,651
28323,650
28336,650
28347,650
28358,651
28369,650
28381,650
28392,650
28404,651
28416,650
28427,650
28438,650
28449,650
28461,650
28473,650
28484,650
28495,650
28507,650
28518,650
28530,650
28541,650
28553,650
28564,650
28575,650
28587,650
28599,650
28610,650
28621,650
28633,650
28644,650
28655,650
28667,650
28679,650
28690,649
28701,650
28712,650
28724,649
28736,649
28747,649
28759,649
28770,650
28781,649
28792,649
28805,649
28816,649
28827,649
28838,649
28850,649
28862,649
28873,649
28884,649
28896,649
28907,649
28918,649
28931,650
28942,649
28953,649
28964,649
28976,650
28987,650
28999,649
29010,650
29022,649
29033,650
29044,650
29056,649
29068,650
29079,650
29090,650
29102,649
29113,650
29124,649
29136,649
29148,649
29159,649
29170,649
29181,650
29193,649
29205,649
29216,649
29228,649
29239,649
29250,649
29262,649
29274,648
29285,649
29296,649
29307,649
29319,649
29331,649
29342,649
29353,649
29365,649
29376,649
29387,648
29400,649
29411,648
29422,649
29433,648
29445,649
29456,649
29468,648
29479,649
29491,648
29502,649
29513,649
29524,648
29537,648
29548,648
29559,648
29571,648
29582,648
29594,648
29605,648
29617,648
29628,648
29639,648
29650,648
29663,649
29674,648
29685,648
29697,648
29708,649
29719,648
29731,648
29743,648
29754,648
29765,648
29776,648
29788,648
29800,648
29811,648
29822,648
29834,648
29845,648
29856,648
29869,648
29880,648
29891,649
29902,649
29914,649
29925,649
29937,649
29948,649
29960,649
29971,649
29982,649
29995,649
30006,649
30017,649
30028,648
30040,648
30051,648
30063,648
30074,648
30086,648
30097,648
30108,648
30119,648
30132,648
30143,648
30154,648
30166,648
30177,648
30188,649
30200,648
30212,648
30223,648
30234,649
30245,649
30257,648
30269,648
30280,649
30291,649
30303,648
30314,648
30326,649
30338,648
30349,648
30360,648
30371,648
30383,648
30395,649
30406,649
30417,648
30429,649
30440,648
30451,648
30464,648
30475,649
30486,648
30497,648
30509,648
30520,648
30532,648
30543,648
30555,648
30566,648
30577,648
30588,648
30601,648
30612,648
30623,649
30635,648
30646,648
30657,648
30669,649
30681,648
30692,648
30703,648
30714,649
30727,648
30738,648
30749,648
30760,649
30772,649
30783,649
30795,650
30807,650
30818,650
30829,650
30840,649
30852,650
30864,650
30875,650
30886,650
30898,650
30909,650
30920,650
30932,649
30944,649
30955,650
30966,649
30978,649
30989,649
31001,650
31012,649
31024,649
31035,649
31046,650
31058,650
31070,649
31081,649
31092,650
31104,650
31115,649
31127,650
31138,650
31150,650
31161,650
31172,650
31183,650
31196,650
31207,650
31218,650
31229,650
31241,650
31252,650
31264,650
31276,650
31287,650
31298,650
31309,650
31321,650
31333,651
31344,650
31355,651
31367,650
31378,651
31389,651
31401,651
31413,650
31424,651
31435,651
31447,651
31459,651
31470,651
31481,651
31493,651
31504,651
31515,651
31527,651
31539,651
31550,651
31561,651
31572,651
31584,651
31596,651
31607,651
31619,651
31630,651
31641,651
31652,651
31665,651
31676,651
31687,651
31698,652
31710,652
31721,652
31733,652
31745,653
31756,653
31767,653
31778,653
31791,653
31802,653
31813,653
31824,653
31836,653
31847,653
31859,653
31870,653
31882,653
31893,653
31904,653
31916,653
31928,653
31939,653
31950,654
31962,653
31973,653
31984,654
31996,654
32008,654
32019,653
32030,654
32041,654
32053,654
32065,654
32076,654
32088,654
32099,654
32110,655
32121,655
32134,655
32145,654
32156,655
32167,654
32179,655
32191,655
32202,655
32214,655
32225,656
32236,655
32247,655
32260,655
32271,655
32282,655
32293,655
32305,655
32316,655
32328,656
32339,656
32351,655
32362,655
32373,655
32385,656
32397,655
32408,656
32419,655
32431,656
32442,656
32453,655
32465,655
32477,656
32488,656
32499,656
32510,656
32523,656
32534,656
32545,656
32557,656
32568,656
32579,656
32591,656
32603,656
32614,657
32625,657
32636,657
32648,658
32660,658
32671,658
32683,658
32694,658
32705,658
32716,658
32729,658
32740,658
32751,659
32762,658