27088,711,116,70,66
27088,715
27100,715
27111,714
27122,715
27134,714
27146,714
27157,713
27168,713
27180,713
27191,712
27203,712
27214,712
27226,712
27237,711
27248,711
27259,711
27272,711
27283,711
27294,710
27305,710
27317,710
27328,710
27340,710
27352,709
27363,709
27374,709
27385,709
27398,709
27409,708
27420,709
27431,708
27443,709
27454,708
27466,708
27478,708
27489,708
27500,707
27511,707
27523,707
27535,707
27546,707
27557,706
27569,706
27580,706
27591,706
27603,706
27615,706
27626,706
27637,707
27649,709
27660,710
27672,712
27683,714
27695,715
27706,716
27717,717
27728,717
27741,717
27752,717
27763,717
27774,716
27786,716
27798,716
27809,715
27821,715
27832,715
27843,715
27854,714
27867,714
27878,714
27889,713
27900,713
27912,713
27923,714
27935,713
27947,713
27958,713
27969,714
27980,714
27992,714
28004,715
28015,715
28026,715
28038,715
28049,715
28060,715
28072,715
28084,715
28095,714
28106,713
28118,713
28130,713
28141,713
28152,712
28164,713
28175,712
28186,711
28198,711
28210,711
28221,711
28232,710
28243,710
28255,710
28267,710
28278,709
28290,709
28301,709
28312,709
28323,709
28336,709
28347,709
28358,709
28369,708
28381,708
28392,708
28404,708
28416,708
28427,708
28438,707
28449,707
28461,707
28473,707
28484,706
28495,706
28507,706
28518,707
28530,706
28541,706
28553,705
28564,705
28575,706
28587,707
28599,709
28610,710
28621,712
28633,713
28644,714
28655,715
28667,716
28679,716
28690,716
28701,716
28712,716
28724,717
28736,716
28747,715
28759,715
28770,715
28781,714
28792,714
28805,714
28816,714
28827,713
28838,713
28850,713
28862,713
28873,712
28884,713
28896,713
28907,713
28918,713
28931,713
28942,713
28953,713
28964,713
28976,713
28987,713
28999,714
29010,714
29022,713
29033,713
29044,712
29056,712
29068,712
29079,712
29090,712
29102,711
29113,711
29124,710
29136,710
29148,709
29159,710
29170,709
29181,709
29193,709
29205,708
29216,708
29228,708
29239,708
29250,708
29262,708
29274,708
29285,707
29296,707
29307,707
29319,708
29331,707
29342,707
29353,706
29365,707
29376,706
29387,706
29400,706
29411,706
29422,705
29433,706
29445,706
29456,706
29468,708
29479,710
29491,711
29502,712
29513,713
29524,714
29537,714
29548,715
29559,716
29571,716
29582,715
29594,715
29605,715
29617,714
29628,714
29639,714
29650,713
29663,713
29674,712
29685,712
29697,712
29708,711
29719,711
29731,712
29743,711
29754,711
29765,711
29776,711
29788,712
29800,712
29811,712
29822,712
29834,712
29845,712
29856,712
29869,712
29880,712
29891,712
29902,712
29914,711
29925,711
29937,710
29948,710
29960,710
29971,710
29982,709
29995,709
30006,708
30017,708
30028,708
30040,708
30051,708
30063,707
30074,707
30086,707
30097,707
30108,706
30119,706
30132,706
30143,706
30154,706
30166,706
30177,705
30188,706
30200,705
30212,706
30223,705
30234,705
30245,705
30257,705
30269,704
30280,704
30291,703
30303,703
30314,704
30326,704
30338,705
30349,706
30360,707
30371,709
30383,710
30395,712
30406,713
30417,713
30429,714
30440,714
30451,715
30464,715
30475,715
30486,714
30497,714
30509,714
30520,713
30532,713
30543,713
30555,712
30566,712
30577,712
30588,711
30601,711
30612,711
30623,712
30635,712
30646,711
30657,711
30669,711
30681,712
30692,712
30703,713
30714,712
30727,712
30738,712
30749,712
30760,712
30772,712
30783,712
30795,711
30807,711
30818,711
30829,710
30840,710
30852,709
30864,709
30875,709
30886,709
30898,708
30909,708
30920,708
30932,708
30944,708
30955,708
30966,708
30978,707
30989,707
31001,706
31012,706
31024,706
31035,707
31046,706
31058,706
31070,705
31081,706
31092,705
31104,705
31115,705
31127,705
31138,705
31150,705
31161,704
31172,704
31183,704
31196,704
31207,704
31218,703
31229,704
31241,704
31252,705
31264,706
31276,708
31287,710
31298,711
31309,712
31321,713
31333,714
31344,714
31355,715
31367,715
31378,714
31389,714
31401,714
31413,714
31424,714
31435,713
31447,713
31459,713
31470,712
31481,712
31493,712
31504,711
31515,711
31527,712
31539,711
31550,712
31561,711
31572,711
31584,711
31596,711
31607,712
31619,712
31630,712
31641,712
31652,711
31665,711
31676,711
31687,711
31698,712
31710,711
31721,711
31733,710
31745,710
31756,710
31767,709
31778,709
31791,709
31802,708
31813,708
31824,708
31836,707
31847,707
31859,707
31870,708
31882,707
31893,706
31904,706
31916,706
31928,706
31939,706
31950,706
31962,706
31973,705
31984,705
31996,705
32008,705
32019,705
32030,705
32041,705
32053,705
32065,704
32076,704
32088,703
32099,703
32110,704
32121,704
32134,703
32145,704
32156,705
32167,706
32179,708
32191,710
32202,711
32214,712
32225,713
32236,714
32247,714
32260,714
32271,714
32282,714
32293,714
32305,713
32316,713
32328,712
32339,712
32351,712
32362,712
32373,711
32385,711
32397,711
32408,710
32419,710
32431,710
32442,711
32453,710
32465,711
32477,711
32488,711
32499,711
32510,712
32523,712
32534,712
32545,712
32557,711
32568,711
32579,711
32591,712
32603,712
32614,711
32625,710
32636,710
32648,710
32660,709
32671,709
32683,709
32694,708
32705,708
32716,708
32729,708
32740,707
32751,707
32762,707
32774,707
32785,707
32797,707
32808,706
32820,706
32831,707
32842,707
32854,706
32866,706
32877,706
32888,706
32900,706
32911,706
32923,706
32934,705
32946,705
32957,705
32968,704
32979,705
32992,706
33003,707
33014,708
33026,709
33037,710
33048,711
33060,712
33072,713
33083,714
33094,716
33105,715
33117,714
33129,714
33140,714
33152,714
33163,714
33174,713
33185,713
33198,713
33209,712
33220,712
33231,711
33243,711
33255,711
33266,711
33277,712
33289,711
33300,711
33311,711
33324,711
33335,711
33346,712
33357,712
33369,712
33380,712
33392,712
33403,712
33415,712
33426,711
33437,711
33448,712
33461,711
33472,710
33483,710
33495,710
33506,709
33517,709
33529,709
33541,709
33552,708
33563,708
33574,707
33586,708
33598,707
33609,708
33620,707
33632,707
33643,707
33655,707
33667,706
33678,706
33689,706
33700,706
33712,706
33724,706
33735,706
33746,705
33758,706
33769,706
33780,705
33793,705
33804,704
33815,704
33826,704
33838,703
33849,704
33861,705
33872,704
33884,705
33895,707
33906,708
33917,710
33930,712
33941,713
33952,714
33964,715
33975,715
33987,716
33998,716
34010,716
34021,716
34032,715
34043,715
34056,714
34067,714
34078,714
34089,714
34101,714
34112,713
34124,713
34136,713
34147,713
34158,713
34169,713
34181,712
34193,712
34204,713
34215,713
34227,713
34238,713
34249,714
34262,713
34273,713
34284,713
34295,713
34307,713
34318,712
34330,713
34341,712
34353,712
34364,711
34375,711
34387,710
34399,711
34410,711
34421,710
34433,710
34444,709
34456,709
34467,709
34479,709
34490,709
34501,708
34512,708
34525,708
34536,708
34547,707
34558,707
34570,708
34581,707
34593,707
34605,707
34616,707
34627,706
34638,706
34650,707
34662,706
34673,706
34684,706
34696,705
34707,705
34719,705
34731,705
34742,705
34753,704
34764,704
34776,704
34788,703
34799,703
34810,704
34822,703
34833,704
34844,705
34856,706
34868,708
34879,710
34890,712
34902,713
34913,714
34925,715
34936,715
34948,715
34959,715
34970,715
34981,715
34994,714
35005,714
