0,659,114,62,64
0,659
1,659
1,659
1,658
2,659
2,658
2,658
3,658
5,658
12,658
20,658
28,658
36,658
46,657
54,657
62,658
70,657
78,658
87,658
95,658
103,659
113,660
122,661
132,663
141,664
150,665
159,667
168,668
179,669
188,668
197,669
206,669
216,669
225,669
234,669
244,668
253,668
263,668
272,668
281,667
290,667
300,667
310,668
319,666
328,666
337,665
347,665
356,666
365,665
375,665
385,665
394,665
403,665
412,665
421,666
431,665
441,666
450,667
459,666
468,666
478,666
487,666
496,667
505,666
516,666
525,666
534,666
543,666
552,666
562,665
571,665
581,665
590,665
600,664
609,663
618,664
627,663
636,664
647,663
656,662
665,662
674,662
684,662
693,662
702,661
712,661
721,661
731,661
740,660
749,660
758,661
768,660
778,660
787,659
796,660
805,660
815,659
824,659
833,659
843,659
852,658
862,658
871,658
880,659
889,660
899,660
909,661
918,662
927,663
936,665
946,666
955,667
964,669
974,670
984,670
993,671
1002,671
1012,671
1022,671
1033,670
1044,670
1054,670
1064,670
1075,669
1085,669
1095,668
1106,668
1117,668
1127,667
1137,667
1147,667
1158,667
1168,667
1179,667
1189,667
1200,667
1210,667
1220,667
1230,668
1242,668
1252,668
1262,669
1272,669
1283,669
1293,669
1303,669
1314,669
1325,668
1335,668
1345,668
1355,668
1366,667
1377,668
1387,667
1397,667
1408,666
1418,666
1428,667
1439,665
1449,665
1460,665
1470,664
1480,664
1490,663
1501,664
1512,663
1522,663
1532,663
1543,662
1553,662
1563,662
1574,662
1585,662
1595,662
1605,661
1615,662
1626,661
1636,661
1647,661
1657,660
1668,660
1678,660
1688,660
1698,660
1710,660
1720,659
1730,661
1740,661
1751,662
1761,663
1772,665
1782,666
1793,667
1803,669
1813,670
1823,671
1833,671
1845,671
1855,671
1865,671
1875,671
1886,670
1896,670
1907,670
1917,670
1928,669
1938,669
1948,668
1958,668
1969,668
1980,667
1990,667
2000,667
2011,667
2021,666
2031,667
2042,666
2053,667
2063,667
2073,667
2083,667
2094,668
2105,667
2115,667
2125,668
2136,667
2146,668
2156,667
2166,667
2178,667
2188,667
2198,666
2208,666
2219,666
2229,666
2240,665
2250,665
2260,665
2271,664
2281,664
2291,664
2301,664
2313,663
2323,663
2333,663
2343,662
2354,662
2364,662
2375,662
2385,662
2396,662
2406,661
2416,662
2426,661
2438,661
2448,661
2458,661
2468,661
2479,660
2489,661
2499,660
2510,660
2521,660
2531,659
2541,659
2551,659
2562,659
2573,658
2583,659
2593,659
2604,660
2614,661
2624,662
2634,664
2646,665
2656,666
2666,667
2676,668
2686,669
2697,670
2708,669
2718,669
2728,669
2739,669
2749,669
2759,668
2770,668
2781,667
2791,668
2801,667
2811,667
2822,666
2832,666
2843,665
2853,665
2864,665
2874,665
2884,665
2894,665
2906,665
2916,665
2926,666
2936,665
2947,665
2957,666
2967,666
2978,666
2989,666
2999,666
3009,666
3019,666
3030,665
3041,666
3051,665
3061,665
3072,664
3082,664
3092,664
3103,663
3113,664
3124,663
3134,663
3144,663
3154,662
3165,662
3176,661
3186,662
3196,661
3207,661
3217,661
3227,661
3238,660
3249,660
3259,660
3269,660
3279,660
3290,659
3300,660
3311,659
3321,659
3332,659
3342,659
3352,659
3362,658
3374,658
3384,658
3394,658
3404,658
3415,657
3425,657
3436,658
3446,658
3457,659
3467,660
3477,661
3487,663
3497,664
3509,666
3519,666
3529,667
3539,667
3550,668
3560,668
3571,668
3581,667
3592,667
3602,667
3612,667
3622,666
3633,666
3644,666
3654,665
3664,665
3675,664
3685,664
3695,664
3706,663
3717,663
3727,663
3737,663
3747,663
3758,664
3769,663
3779,664
3789,664
3800,664
3810,664
3820,664
3830,664
3842,664
3852,665
3862,664
3872,665
3883,664
3893,664
3904,663
3914,664
3924,663
3935,663
3945,663
3955,662
3965,662
3977,662
3987,662
3997,661
4007,661
4018,661
4028,660
4039,660
4049,660
4060,660
4070,659
4080,660
4090,659
4102,660
4112,659
4122,659
4132,659
4143,659
4153,658
4163,658
4174,659
4185,658
4195,658
4205,658
4215,658
4226,658
4237,658
4247,659
4257,659
4268,660
4278,662
4288,663
4298,664
4310,665
4320,666
4330,667
4340,667
4350,668
4361,668
4372,667
4382,668
4392,667
4403,667
4413,667
4423,667
4434,666
4445,665
4455,665
4465,665
4475,665
4486,664
4496,664
4507,664
4517,664
4528,663
4538,663
4548,664
4558,663
4570,664
4580,664
4590,664
4600,665
4611,664
4621,665
4631,664
4642,665
4653,665
4663,665
4673,665
4683,664
4694,665
4705,664
4715,664
4725,663
4736,664
4746,663
4756,662
4767,662
4777,662
4788,662
4798,662
4808,661
4818,661
4829,661
4840,660
4850,660
4860,660
4871,660
4881,660
4891,659
4902,659
4913,659
4923,659
4933,659
4943,658
4954,659
4964,658
4975,658
4985,658
4996,658
5006,657
5016,658
5026,658
5038,658
5048,660
5058,661
5068,662
5079,664
5089,665
5100,666
5110,668
5121,669
5131,669
5141,669
5151,670
5161,670
5173,669
5183,670
5193,669
5203,669
5214,668
5224,669
5235,668
5245,668
5256,667
5266,667
5276,667
5286,666
5297,667
5308,666
5318,666
5328,666
5339,666
5349,666
5359,666
5370,666
5381,666
5391,667
5401,667
5411,667
5422,667
5433,667
5443,667
5453,667
5464,667
5474,667
5484,667
5494,666
5506,667
5516,666
5526,666
5536,665
5547,666
5557,665
5568,664
5578,664
5588,664
5599,664
5609,663
5619,664
5629,663
5641,662
5651,663
5661,662
5671,663
5682,662
5692,662
5703,662
5713,661
5724,662
5734,661
5744,662
5754,661
5766,661
5776,661
5786,660
5796,660
5807,660
5817,660
5827,660
5838,660
5849,660
5859,660
5869,661
5879,661
5890,662
5901,663
5911,665
5921,667
5932,668
5942,669
5952,670
5962,671
5974,671
5984,671
5994,671
6004,671
6014,671
6025,671
6036,671
6046,670
6056,669
6067,669
6077,669
6087,669
6098,669
6109,668
6119,668
6129,668
6139,668
6150,667
6160,668
6171,667
6181,668
6192,667
6202,668
6212,668
6222,668
6234,669
6244,669
6254,670
6264,669
6275,668
6285,669
6295,669
6306,669
6317,668
6327,668
6337,668
6347,667
6358,667
6369,667
6379,667
6389,667
6400,666
6410,666
6420,666
6431,665
6441,665
6452,665
6462,665
6472,664
6482,664
6493,664
6504,664
6514,663
6524,664
6535,663
6545,664
6555,663
6566,663
6577,663
6587,663
6597,663
6607,662
6618,662
6628,662
6639,662
6649,662
6660,662
6670,662
6680,661
6690,662
6702,661
6712,661
6722,661
6732,661
6743,662
6753,663
6764,665
6774,665
6785,666
6795,667
6805,669
6815,670
6825,671
6837,671
6847,671
6857,672
6867,671
6878,671
6888,671
6899,671
6909,670
6920,670
6930,670
6940,670
6950,670
6961,669
6972,669
6982,669
6992,668
7003,668
7013,667
7023,668
7034,667
7045,668
7055,668
7065,669
7075,668
7086,668
7097,668
7107,668
7117,669
7128,669
7138,669
7148,669
7158,669
7170,668
7180,668
7190,668
7200,668
7211,668
7221,668
7232,667
7242,667
7252,667
7263,666
7273,667
7283,665
7293,666
7305,665
7315,665
7325,665
7335,664
7346,664
7356,663
7367,664
7377,663
7388,664
7398,663
7408,663
7418,663
7430,662
7440,663
7450,662
7460,662
7471,662
7481,662
7491,662
7502,661
7513,661
7523,661
7533,661
7543,660
7554,661
7565,660
7575,660
7585,660
7596,660
7606,660
7616,660
7626,661
7638,662
7648,664
7658,666
7668,668
7678,668
7689,670
7700,670
7710,671
7720,671
7731,671
7741,672
7751,671
7762,672
7773,671
7783,670
7793,670
7803,670
7814,669
7824,669
7835,669
7845,668
7856,668
7866,668
7876,667
7886,667
7898,667
7908,667
7918,667
7928,667
7939,667
7949,668
7959,667
7970,668
7981,668
7991,669
8001,668
8011,668
8022,668
8033,668
8043,669
8053,668
8064,668
8074,668
8084,668
8095,667
8105,668
8116,667
8126,666
8136,666
8146,666
8157,666
8168,665
8178,665
8188,665
8199,665
8209,664
8219,664
8230,664
8241,664
8251,663
8261,663
8271,663
8282,663
8292,663
8303,663
8313,662
8324,662
8334,662
8344,663
8354,662
8366,662
8376,662
8386,662
8396,662
8407,661
8417,661
8428,661
8438,661
8449,660
8459,661
8469,661
8479,662
8489,663
8501,664
8511,665
8521,666
8531,668
8542,668
8552,669
8563,670
8573,670
8584,670
8594,671
8604,670
8614,670
8625,669
8636,669
8646,669
8656,668
8667,668
8677,668
8687,668
8698,666
8709,667
8719,666
8729,666
8739,666
8750,665
8761,666
8771,666
8781,666
8792,665
8802,666
8812,667
8822,666
8834,667
8844,667
8854,667
8864,667
8875,666
8885,667
8896,667
8906,666
8916,666
8927,666
8937,666
8947,666
8957,665
8969,665
8979,665
8989,664
8999,665
9010,664
9020,663
9031,663
9041,663
9052,663
9062,662
9072,662
9082,662
9094,662
9104,662
9114,662
9124,662
9135,661
9145,662
9155,661
9166,661
9177,661
9187,660
9197,661
9207,660
9218,661
9229,660
9239,660
9249,660
9260,659
9270,660
9280,659
9290,660
9302,660
9312,660
9322,661
9332,662
9342,664
9353,664
9364,665
9374,666
9384,667
9395,668
9405,668
9415,669
9426,668
9437,668
9447,667
9457,668
9467,667
9478,666
9488,666
9499,666
9509,665
9520,665
9530,665
9540,664
9550,664
9562,663
9572,663
9582,663
9592,663
9603,664
9613,663
9623,664
9634,663
9645,664
9655,664
9665,664
9675,665
9686,665
9697,665
9707,665
9717,666
9728,665
9738,665
9748,665
9759,664
9769,664
9780,664
9790,664
9800,663
9810,663
9821,663
9832,662
9842,663
9852,662
9863,662
9873,661
9883,661
9894,661
9905,661
9915,661
9925,661
9935,661
9946,660
9956,660
9967,660
9977,659
9988,660
9998,659
10008,660
10019,660
10032,660
10043,661
10054,662
10065,663
10077,664
10088,666
10100,668
10112,669
10123,670
10134,670
10145,671
10157,671
10169,671
10180,670
10191,670
10203,669
10214,669
10226,669
10237,668
10249,668
10260,667
10271,667
10283,666
10295,666
10306,666
10317,666
10329,666
10340,666
10351,666
10363,666
10375,666
10386,667
10397,667
10408,667
10420,667
10432,668
10443,668
10455,668
10466,668
10477,667
10488,667
10501,667
10512,667
10523,666
10534,666
10546,666
10558,665
10569,665
10580,665
10592,665
10603,664
10614,664
10627,664
10638,663
10649,664
10660,663
10672,664
10683,664
10695,663
10706,662
10718,662
10729,662
10740,663
10752,662
10764,663
10775,664
10786,666
10798,667
10809,669
10820,670
10832,671
10844,673
10855,673
10866,674
10877,674
10889,674
10901,674
10912,674
10924,673
10935,673
10946,672
10958,672
10970,671
10981,671
10992,671
11003,671
11015,671
11027,670
11038,670
11049,670
11061,670
11072,670
11083,670
11096,670
11107,670
11118,671
11129,672
11141,672
11152,671
11164,671
11175,671
11187,671
11198,671
11209,671
11220,671
11233,671
11244,671
11255,670
11267,670
11278,669
11290,669
11301,668
11313,668
11324,668
11335,668
11346,668
11359,668
11370,667
11381,667
11393,667
11404,666
11415,666
11427,666
11439,666
11450,666
11461,666
11472,666
11484,666
11496,667
11507,668
11518,670
11530,671
11541,673
11552,674
11565,676
11576,677
11587,677
11598,677
11610,677
11621,677
11633,677
11644,676
11656,676
11667,676
11678,675
11691,675
11702,675
11713,674
11724,674
11736,674
11747,674
11759,673
11770,674
11782,673
11793,673
11804,674
11815,674
11828,674
11839,674
11850,674
11862,674
11873,674
11884,674
11896,674
11908,674
11919,674
11930,674
11941,674
11953,673
11965,673
11976,672
11987,672
11999,672
12010,671
12022,671
12034,671
12045,671
12056,670
12067,670
12079,670
12091,669
12102,669
12113,669
12125,669
12136,669
12147,668
12160,669
12171,668
12182,668
12193,668
12205,668
12216,667
12228,668
12239,667
12251,667
12262,667
12273,667
12284,667
12297,667
12308,666
12319,666
12331,666
12342,665
12353,665
12365,665
12377,665
12388,665
12399,665
12410,664
12423,664
12434,664
12445,664
12456,664
12468,665
12479,665
12491,668
12503,669
12514,671
12525,674
12536,675
12548,676
12560,676
12571,677
12582,677
12594,677
12605,676
12616,676
12628,675
12640,675
12651,675
12662,675
12674,675
12685,674
12697,674
12708,674
12720,674
12731,673
12742,674
12754,674
12766,674
12777,674
12788,674
12800,674
12811,674
12823,675
12834,674
12846,675
12857,675
12868,675
12879,675
12892,674
12903,674
12914,674
12925,674
12937,673
12948,673
12960,673
12972,673
12983,672
12994,672
13005,672
13017,672
13029,671
13040,671
13051,670
13063,670
13074,670
13085,670
13097,670
13109,670
13120,670
13131,670
13143,669
13155,669
13166,669
13177,669
13189,668
13200,668
13211,668
13223,668
13235,669
13246,668
13257,667
13268,667
13280,667
13292,667
13303,667
13315,666
13326,666
13337,666
13348,666
13361,665
13372,665
13383,665
13394,665
13406,664
13417,664
13429,664
13441,664
13452,666
13463,667
13474,667
13487,669
13498,671
13509,673
13520,674
13532,674
13543,676
13555,676
13566,676
13578,675
13589,675
13600,674
13612,674
13624,674
13635,673
13646,673
13658,673
13669,674
13680,673
13692,672
13704,672
13715,672
13726,672
13737,672
13749,671
13761,672
13772,672
13784,672
13795,672
13806,672
13817,672
13830,672
13841,672
13852,672
13863,672
13875,672
13887,672
13898,673
13910,672
13921,672
13932,671
13943,671
13956,670
13967,670
13978,670
13989,670
14001,670
14012,669
14024,668
14035,668
14047,668
14058,668
14069,667
14081,667
14093,667
14104,668
14115,668
14127,667
14138,667
14149,666
14161,666
14173,666
14184,666
14195,666
14206,665
14219,666
14230,666
14241,665
14253,665
14264,665
14275,664
14287,664
14299,664
14310,664
14321,663
14332,664
14344,663
14356,663
14367,663
14379,663
14390,662
14401,662
14412,662
14425,662
14436,661
14447,662
14458,663
14470,664
14481,665
14493,666
14504,668
14516,670
14527,671
14538,672
14550,672
14562,673
14573,673
14584,673
14596,672
14607,672
14619,671
14630,671
14642,671
14653,670
14664,670
14675,670
14688,670
14699,670
14710,669
14722,669
14733,669
14744,669
14756,669
14768,669
14779,669
14790,669
14801,669
14813,670
14825,670
14836,670
14848,670
14859,670
14870,670
14881,670
14894,669
14905,669
14916,669
14927,669
14939,669
14951,668
14962,668
14973,667
14985,667
14996,667
15007,667
15020,666
15031,666
15042,667
15053,666
15065,666
15076,665
15088,665
15099,665
15111,665
15122,664
15133,665
15144,664
15157,664
15168,665
15179,664
15191,664
15202,664
15213,664
15225,663
15237,663
15248,663
15259,663
15270,663
15282,663
15294,663
15305,663
15316,662
15328,662
15339,662
15351,662
15363,661
15374,662
15385,662
15396,664
15408,665
15420,666
15431,668
15442,669
15454,670
15465,670
15476,671
15489,671
15500,671
15511,670
15522,671
15534,670
15545,669
15557,669
15568,668
15580,668
15591,667
15602,667
15613,667
15626,667
15637,666
15648,666
15660,666
15671,666
15683,667
15694,666
15706,667
15717,667
15728,667
15739,667
15752,667
15763,667
15774,667
15785,668
15797,668
15808,668
15820,667
15832,666
15843,666
15854,666
15865,665
15877,665
15889,665
15900,665
15911,665
15923,665
15934,665
15945,664
15958,663
15969,663
15980,663
15991,662
16003,663
16014,662
16026,662
16037,662
16049,662
16060,662
16071,661
16083,661
16095,661
16106,661
16117,661
16129,661
16140,661
16152,662
16163,661
16175,661
16186,661
16197,661
16208,661
16221,660
16232,660
16243,661
16254,661
16266,662
16277,663
16289,664
16301,666
16312,667
16323,668
16334,669
16346,670
16358,671
16369,671
16380,671
16392,670
16403,670
16415,669
16427,669
16438,669
16449,668
16460,668
16472,668
16484,668
16495,668
16506,667
16518,667
16529,667
16540,666
16552,666
16564,666
16575,666
16586,667
16598,667
16609,667
16621,668
16632,668
16644,667
16655,667
16666,667
16677,667
16690,667
16701,667
16712,666
16723,666
16735,666
16746,666
16758,666
16770,665
16781,665
16792,664
16803,664
16816,664
16827,663
16838,664
16849,663
16861,663
16872,664
16884,663
16896,662
16907,662
16918,662
16929,662
16941,661
16953,661
16964,661
16975,662
16987,661
16998,661
17009,660
17021,660
17033,660
17044,660
17055,660
17067,660
17078,659
17090,659
17101,659
17113,659
17124,658
17135,659
17147,659
17159,660
17170,662
17181,663
17192,665
17204,666
17216,667
17227,669
17239,669
17250,670
17261,670
17272,670
17285,670
17296,670
17307,670
17318,669
17330,669
17341,668
17353,668
17364,668
17376,667
17387,667
17398,667
17410,666
17422,667
17433,667
17444,667
17456,667
17467,667
17478,667
17490,668
17502,668
17513,668
17524,668
17536,668
17548,668
17559,668
17570,668
17582,669
17593,668
17604,669
17616,668
17628,667
17639,667
17650,667
17661,666
17673,666
17685,666
17696,666
17708,665
17719,665
17730,665
17741,665
17754,665
17765,665
17776,664
17787,664
17799,664
17810,664
17822,663
17833,663
17845,663
17856,664
17867,664
17880,663
17891,663
17902,662
17913,662
17925,662
17936,662
17948,662
17959,663
17971,663
17982,665
17993,667
18004,668
18017,670
18028,671
18039,673
18051,673
18062,673
18073,673
18085,674
18097,673
18108,673
18119,672
18130,672
18142,672
18154,672
18165,672
18177,671
18188,670
18199,670
18210,670
18223,670
18234,670
18245,670
18256,669
18268,669
18280,670
18291,670
18302,670
18314,671
18325,670
18336,670
18349,670
18360,670
18371,670
18382,670
18394,670
18405,669
18417,669
18428,669
18440,670
18451,669
18462,669
18473,668
18486,668
18497,667
18508,667
18520,667
18531,667
18542,666
18554,666
18566,666
18577,666
18588,666
18599,666
18612,665
18623,665
18634,665
18646,665
18657,665
18668,664
18680,664
18692,664
18703,664
18714,664
18725,664
18737,664
18749,664
18760,663
18771,663
18783,663
18794,663
18805,663
18818,665
18829,666
18840,668
18851,669
18863,671
18874,672
18886,674
18897,674
18909,675
18920,675
18931,674
18942,674
18955,674
18966,673
18977,673
18989,672
19000,672
19012,672
19023,672
19035,672
19046,671
19057,671
19068,671
19081,671
19092,671
19103,671
19115,670
19126,671
19137,671
19149,671
19161,671
19172,671
19183,672
19194,672
19206,671
19218,671
19229,671
19240,671
19252,671
19263,670
19274,670
19287,670
19298,670
19309,670
19320,670
19332,670
19344,669
19355,669
19366,668
19378,668
19389,668
19400,668
19412,667
19424,667
19435,667
19446,667
19458,667
19469,667
19481,666
19492,666
19504,666
19515,666
19526,665
19537,665
19550,665
19561,665
19572,665
19584,665
19595,665
19606,664
19618,664
19630,664
19641,664
19652,664
19663,665
19675,667
19687,668
19698,670
19709,671
19721,673
19732,674
19744,675
19756,676
19767,675
19778,676
19789,676
19801,676
19813,676
19824,675
19835,674
19847,674
19858,673
19869,673
19881,673
19893,673
19904,672
19915,673
19927,672
19938,672
19950,672
19961,672
19973,672
19984,672
19995,672
20006,672
20019,672
20030,673
20041,673
20052,673
20064,673
20076,673
20087,672
20099,672
20110,672
20121,671
20132,672
20145,672
20156,671
20167,671
20178,670
20190,670
20201,670
20213,670
20225,669
20236,669
20247,668
20258,668
20270,668
20282,668
20293,668
20304,668
20316,667
20327,667
20338,667
20350,667
20362,666
20373,666
20384,666
20396,666
20407,666
20419,666
20430,666
20442,665
20453,665
20464,665
20476,664
20488,664
20499,664
20510,664
20521,664
20533,665
20545,666
20556,667
20568,669
20579,671
20590,673
20601,674
20614,675
20625,675
20636,675
20647,676
20659,675
20670,675
20682,675
20694,675
20705,675
20716,674
20727,674
20739,674
20751,673
20762,673
20773,673
20785,672
20796,672
20808,672
20819,672
20831,672
20842,673
20853,672
20865,673
20877,673
20888,673
20899,674
20911,673
20922,673
20933,673
20945,673
20957,673
20968,672
20979,672
20990,672
21002,673
21014,672
21025,672
21037,672
21048,671
21059,671
21070,670
21083,670
21094,670
21105,669
21116,670
21128,669
21139,669
21151,669
21163,668
21174,668
21185,668
21196,668
21209,668
21220,667
21231,668
21242,668
21254,667
21265,667
21277,667
21288,667
21300,666
21311,666
21322,666
21334,666
21346,666
21357,666
21368,666
21380,666
21391,665
21402,665
21414,666
21426,667
21437,668
21448,669
21459,670
21471,673
21483,674
21494,675
21506,676
21517,676
21528,676
21540,676
21552,676
21563,675
21574,675
21585,674
21597,674
21609,674
21620,674
21632,673
21643,673
21654,672
21665,672
21678,672
21689,672
21700,672
21711,672
21723,673
21734,673
21746,672
21757,672
21769,672
21780,673
21791,673
21803,672
21815,673
21826,672
21837,672
21849,673
21860,672
21871,672
21883,671
21895,671
21906,671
21917,671
21928,670
21941,670
21952,670
21963,670
21975,670
21986,669
21997,669
22009,668
22021,668
22032,667
22043,667
22054,667
22066,667
22078,667
22089,668
22100,667
22112,666
22123,666
22134,666
22147,666
22158,666
22169,665
22180,665
22192,665
22203,665
22215,665
22226,664
22238,664
22249,664
22260,663
22273,663
22284,663
22295,664
22306,665
22318,667
22329,668
22341,671
22352,672
22364,672
22375,673
22386,674
22397,674
22410,674
22421,674
22432,673
22444,673
22455,673
22466,672
22478,672
22490,672
22501,671
22512,671
22523,670
22535,670
22547,670
22558,669
22569,670
22581,670
22592,670
22603,670
22616,669
22627,669
22638,669
22649,670
22661,670
22673,670
22684,670
22695,671
22707,670
22718,670
22729,670
22742,669
22753,669
22764,669
22775,669
22787,668
22798,668
22810,668
22821,668
22833,667
22844,667
22855,667
22866,666
22879,666
22890,666
22901,666
22913,666
22924,666
22935,665
22947,665
22959,665
22970,665
22981,665
22992,664
23005,664
23016,664
23027,664
23038,664
23050,665
23061,664
23073,664
23085,663
23096,664
23107,664
23118,665
23130,666
23142,667
23153,669
23164,670
23176,672
23187,672
23198,673
23211,673
23222,673
23233,673
23244,673
23256,672
23267,672
23279,672
23290,672
23302,671
23313,670
23324,670
23335,669
23348,669
23359,669
23370,668
23382,668
23393,669
23405,668
23416,669
23428,668
23439,669
23450,669
23461,669
23474,669
23485,669
23496,669
23507,670
23519,669
23530,670
23542,669
23554,669
23565,668
23576,668
23587,667
23599,667
23611,667
23622,667
23633,667
23645,667
23656,666
23667,666
23680,665
23691,665
23702,665
23713,664
23725,664
23737,664
23748,664
23759,664
23771,664
23782,664
23793,663
23805,663
23817,662
23828,663
23839,662
23851,662
23862,662
23874,662
23885,663
23897,662
23908,663
23919,664
23930,665
23943,667
23954,669
23965,671
23976,672
23988,673
23999,674
24011,674
24023,674
24034,674
24045,674
24056,673
24068,673
24080,672
24091,672
24102,671
24114,672
24125,671
24137,671
24148,671
24160,670
24171,670
24182,669
24194,669
24206,669
24217,670
24228,670
24240,671
24251,671
24262,671
24274,671
24286,671
24297,671
24308,671
24320,671
24331,671
24343,670
24354,670
24366,670
24377,670
24388,670
24399,670
24412,669
24423,669
24434,668
24445,668
24457,667
24469,667
24480,667
24492,667
24503,667
24514,666
24525,667
24538,666
24549,666
24560,666
24571,665
24583,666
24594,666
24606,666
24617,666
24629,666
24640,666
24651,666
24663,667
24675,667
24686,668
24697,669
24709,671
24720,672
24731,673
24743,674
24755,675
24766,676
24777,677
24788,677
24800,677
24812,677
24823,676
24835,675
24846,675
24857,675
24869,674
24881,674
24892,674
24903,674
24914,673
24926,674
24938,673
24949,673
24961,672
24972,672
24983,673
24994,673
25007,673
25018,673
25029,673
25040,673
25052,674
25063,673
25075,673
25086,673
25098,673
25109,673
25120,672
25132,672
25144,672
25155,672
25166,672
25178,671
25189,671
25201,671
25212,670
25224,670
25235,670
25246,669
25257,669
25270,669
25281,669
25292,669
25304,668
25315,668
25326,668
25338,668
25350,667
25361,667
25372,668
25383,667
25395,667
25407,667
25418,667
25430,667
25441,667
25452,667
25463,667
25476,668
25487,670
25498,671
25509,673
25521,675
25532,676
25544,678
25555,678
25567,678
25578,678
25589,678
25602,677
25613,678
25624,677
25635,677
25647,677
25658,676
25670,676
25681,675
25693,675
25704,675
25715,675
25726,674
25739,674
25750,674
25761,675
25773,674
25784,675
25795,675
25807,675
25819,675
25830,675
25841,675
25852,675
25864,674
25876,674
25887,675
25899,675
25910,674
25921,674
25933,673
25945,673
25956,673
25967,673
25978,672
25990,672
26002,672
26013,671
26024,672
26036,671
26047,670
26058,670
26071,670
26082,670
26093,670
26104,669
26116,669
26127,669
26139,669
26150,669
26162,669
26173,669
26184,668
26195,668
26208,668
26219,668
26230,668
26242,668
26253,668
26264,668
26276,669
26288,670
26299,672
26310,673
26321,675
26334,676
26345,677
26356,678
26368,678
26379,679
26390,678
26402,678
26414,677
26425,677
26436,677
26447,677
26459,676
26471,676
26482,676
26493,676
26505,675
26516,675
26527,675
26540,674
26551,675
26562,674
26573,674
26585,674
26596,674
26608,674
26619,675
26631,675
26642,675
26653,675
26665,675
26677,674
26688,674
26699,674
26711,674
26722,673
26734,673
26745,673
26757,673
26768,672
26779,672
26790,672
26803,671
26814,671
26825,671
26836,670
26848,670
26859,670
26871,670
26883,670
26894,669
26905,669
26916,669
26928,669
26940,669
26951,668
26962,668
26974,668
26985,668
26996,669
27009,668
27020,667
27031,667
27042,667
27054,667
27066,667
27077,666
27088,666
27100,666
27111,666
27122,666
27134,667
27146,667
27157,668
27168,670
27180,671
27191,672
27203,674
27214,674
27226,675
27237,676
27248,676
27259,675
27272,675
27283,674
27294,674
27305,674
27317,673
27328,673
27340,672
27352,672
27363,672
27374,672
27385,671
27398,672
27409,672
27420,671
27431,671
27443,672
27454,672
27466,672
27478,672
27489,672
27500,672
27511,672
27523,672
27535,672
27546,672
27557,672
27569,672
27580,671
27591,671
27603,670
27615,671
27626,670
27637,670
27649,669
27660,670
27672,669
27683,668
27695,669
27706,668
27717,668
27728,668
27741,667
27752,667
27763,667
27774,667
27786,666
27798,666
27809,666
27821,666
27832,666
27843,666
27854,666
27867,665
27878,665
27889,665
27900,665
27912,666
27923,666
27935,668
27947,669
27958,671
27969,672
27980,673
27992,674
28004,674
28015,674
28026,674
28038,674
28049,673
28060,673
28072,673
28084,673
28095,672
28106,672
28118,672
28130,671
28141,670
28152,670
28164,670
28175,670
28186,669
28198,670
28210,670
28221,670
28232,670
28243,671
28255,671
28267,671
28278,671
28290,671
28301,671
28312,671
28323,670
28336,670
28347,670
28358,670
28369,670
28381,669
28392,669
28404,669
28416,668
28427,668
28438,667
28449,667
28461,667
28473,667
28484,667
28495,666
28507,666
28518,666
28530,666
28541,665
28553,665
28564,665
28575,665
28587,665
28599,665
28610,665
28621,665
28633,665
28644,664
28655,665
28667,665
28679,666
28690,668
28701,669
28712,671
28724,672
28736,674
28747,675
28759,675
28770,675
28781,675
28792,675
28805,675
28816,674
28827,674
28838,674
28850,673
28862,673
28873,673
28884,672
28896,672
28907,672
28918,671
28931,671
28942,671
28953,671
28964,671
28976,671
28987,672
28999,672
29010,672
29022,672
29033,672
29044,673
29056,673
29068,672
29079,672
29090,672
29102,671
29113,672
29124,672
29136,671
29148,670
29159,670
29170,670
29181,669
29193,669
29205,668
29216,668
29228,668
29239,668
29250,668
29262,668
29274,668
29285,667
29296,667
29307,667
29319,666
29331,666
29342,666
29353,665
29365,666
29376,666
29387,666
29400,665
29411,665
29422,665
29433,665
29445,664
29456,664
29468,664
29479,664
29491,664
29502,664
29513,664
29524,663
29537,663
29548,663
29559,663
29571,665
29582,666
29594,668
29605,670
29617,672
29628,673
29639,675
29650,675
29663,675
29674,675
29685,675
29697,675
29708,674
29719,674
29731,674
29743,674
29754,674
29765,674
29776,673
29788,673
29800,672
29811,672
29822,672
29834,672
29845,672
29856,672
29869,672
29880,673
29891,672
29902,672
29914,672
29925,673
29937,673
29948,673
29960,673
29971,673
29982,672
29995,672
30006,673
30017,672
30028,672
30040,671
30051,671
30063,671
30074,670
30086,670
30097,670
30108,669
30119,669
30132,669
30143,668
30154,668
30166,668
30177,668
30188,668
30200,667
30212,667
30223,667
30234,667
30245,666
30257,666
30269,666
30280,667
30291,666
30303,666
30314,665
30326,665
30338,665
30349,665
30360,665
30371,664
30383,664
30395,664
30406,664
30417,664
30429,663
30440,663
30451,663
30464,663
30475,664
30486,665
30497,666
30509,668
30520,670
30532,672
30543,674
30555,674
30566,675
30577,675
30588,675
30601,675
30612,674
30623,674
30635,674
30646,674
30657,673
30669,673
30681,672
30692,672
30703,672
30714,672
30727,671
30738,671
30749,671
30760,671
30772,671
30783,672
30795,671
30807,672
30818,672
30829,672
30840,671
30852,672
30864,672
30875,672
30886,672
30898,672
30909,672
30920,672
30932,671
30944,671
30955,670
30966,670
30978,670
30989,669
31001,669
31012,670
31024,668
31035,668
31046,668
31058,667
31070,667
31081,667
31092,667
31104,666
31115,666
31127,667
31138,666
31150,666
31161,666
31172,665
31183,666
31196,665
31207,665
31218,665
31229,665
31241,664
31252,664
31264,665
31276,664
31287,664
31298,664
31309,665
31321,666
31333,667
31344,669
31355,671
31367,672
31378,673
31389,674
31401,674
31413,674
31424,674
31435,674
31447,673
31459,673
31470,673
31481,672
31493,672
31504,672
31515,671
31527,671
31539,670
31550,670
31561,670
31572,669
31584,669
31596,670
31607,670
31619,670
31630,669
31641,670
31652,670
31665,670
31676,670
31687,670
31698,670
31710,670
31721,671
31733,670
31745,670
31756,669
31767,669
31778,669
31791,668
31802,668
31813,668
31824,668
31836,667
31847,667
31859,666
31870,666
31882,666
31893,665
31904,665
31916,664
31928,664
31939,665
31950,664
31962,664
31973,664
31984,664
31996,664
32008,663
32019,663
32030,663
32041,663
32053,663
32065,663
32076,663
32088,663
32099,664
32110,665
32121,666
32134,668
32145,670
32156,671
32167,672
32179,673
32191,674
32202,674
32214,674
32225,674
32236,673
32247,673
32260,673
32271,672
32282,671
32293,671
32305,671
32316,671
32328,671
32339,670
32351,670
32362,669
32373,669
32385,669
32397,669
32408,669
32419,669
32431,669
32442,670
32453,670
32465,670
32477,670
32488,670
32499,670
32510,670
32523,670
32534,669
32545,670
32557,669
32568,669
32579,669
32591,669
32603,668
32614,668
32625,667
32636,666
32648,666
32660,666
32671,666
32683,665
32694,665
32705,665
32716,665
32729,664
32740,664
32751,664
32762,664
32774,663
32785,663
32797,663
32808,663
32820,663
32831,663
32842,663
32854,662
32866,662
32877,662
32888,661
32900,661
32911,661
32923,662
32934,664
32946,665
32957,667
32968,669
32979,670
32992,671
33003,672
33014,673
33026,673
33037,673
33048,673
33060,673
33072,673
33083,672
33094,672
33105,672
33117,671
33129,671
33140,670
33152,670
33163,669
33174,669
33185,669
33198,669
33209,669
33220,669
33231,669
33243,668
33255,669
33266,669
33277,669
33289,669
33300,669
33311,670
33324,670
33335,670
33346,669
33357,669
33369,669
33380,668
33392,668
33403,668
33415,668
33426,668
33437,667
33448,666
33461,666
33472,666
33483,665
33495,665
33506,665
33517,664
33529,664
33541,664
33552,664
33563,664
33574,664
33586,664
33598,663
33609,663
33620,662
33632,662
33643,662
33655,662
33667,662
33678,661
33689,661
33700,661
33712,661
33724,661
33735,661
33746,660
33758,660
33769,660
33780,661
33793,662
33804,663
33815,664
33826,666
33838,668
33849,669
33861,671
33872,671
33884,672
33895,672
33906,672
33917,672
33930,671
33941,671
33952,670
33964,670
33975,670
33987,669
33998,669
34010,670
34021,669
34032,669
34043,668
34056,668
34067,668
34078,668
34089,668
34101,668
34112,668
34124,668
34136,669
34147,669
34158,669
34169,669
34181,670
34193,669
34204,669
34215,669
34227,669
34238,669
34249,669
34262,668
34273,668
34284,668
34295,667
34307,667
34318,668
34330,667
34341,666
34353,666
34364,666
34375,665
34387,665
34399,664
34410,664
34421,663
34433,663
34444,664
34456,664
34467,663
34479,662
34490,662
34501,662
34512,661
34525,662
34536,661
34547,661
34558,661
34570,662
34581,661
34593,661
34605,662
34616,663
34627,665
34638,666
34650,668
34662,669
34673,670
34684,671
34696,671
34707,672
34719,671
34731,671
34742,670
34753,670
34764,669
34776,669
34788,669
34799,668
34810,668
34822,667
34833,668
34844,667
34856,667
34868,666
34879,666
34890,666
34902,665
34913,665
34925,665
34936,666
34948,666
34959,666
34970,666
34981,666
34994,667
35005,667
35016,666
35027,666
35039,666
35050,666
35062,665
35074,665
35085,665
35096,665
35107,664
35120,664
35131,664
35142,663
35153,663
35165,663
35176,662
35188,662
35200,662
35211,661
35222,662
35233,661
35245,661
35257,660
35268,660
35279,660
35291,659
35302,659
35313,659
35325,659
35337,660
35348,660
35359,660
35371,661
35382,662
35394,663
35405,665
35417,666
35428,667
35439,668
35451,669
35463,669
35474,669
35485,668
35496,668
35508,668
35520,668
35531,667
35543,666
35554,666
35565,666
35576,666
35589,665
35600,664
35611,664
35622,663
35634,663
35645,663
35657,662
35668,663
35680,663
35691,663
35702,664
35714,664
35726,664
35737,664
35748,664
35760,664
35771,664
35782,664
35794,664
35806,664
35817,664
35828,663
35840,662
35852,662
35863,662
35874,662
35886,661
35897,661
35908,661
35920,661
35932,661
35943,660
35954,660
35965,659
35977,659
35989,659
36000,658
36012,658
36023,658
36034,658
36045,658
36058,658
36069,658
36080,659
36091,660
36103,662
36114,663
36126,665
36137,666
36149,668
36160,669
36171,669
36184,669
36195,669
36206,669
36217,669
36229,668
36240,668
36252,668
36263,667
36275,667
36286,667
36297,666
36308,665
36321,665
36332,665
36343,664
36355,664
36366,664
36377,664
36389,664
36401,665
36412,664
36423,665
36434,665
36446,665
36458,665
36469,665
36481,665
36492,665
36503,665
36514,665
36527,665
36538,665
36549,664
36560,664
36572,663
36584,663
36595,663
36606,662
36618,662
36629,662
36640,662
36653,661
36664,661
36675,661
36686,660
36698,660
36709,660
36721,660
36732,659
36744,659
36755,660
36766,660
36777,660
36790,661
36801,663
36812,664
36824,666
36835,667
36846,668
36858,669
36870,670
36881,670
36892,671
36903,671
36916,670
36927,669
36938,669
36950,669
36961,668
36972,668
36984,668
36996,667
37007,667
37018,667
37029,666
37041,665
37053,665
37064,665
37075,665
37087,665
37098,665
37109,665
37122,666
37133,666
37144,666
37155,666
37167,666
37178,666
37190,666
37201,666
37213,666
37224,665
37235,666
37246,665
37259,666
37270,665
37281,665
37293,664
37304,664
37316,663
37327,663
37339,663
37350,662
37361,662
37372,662
37385,662
37396,662
37407,661
37419,661
37430,661
37441,660
37453,660
37465,661
37476,663
37487,664
37498,665
37510,667
37522,668
37533,669
37544,670
37556,671
37567,671
37578,671
37591,671
37602,672
37613,671
37624,670
37636,670
37648,669
37659,669
37670,668
37682,668
37693,667
37704,667
37716,666
37728,666
37739,667
37750,666
37762,666
37773,666
37785,666
37796,666
37808,667
37819,667
37830,668
37841,667
37854,667
37865,668
37876,668
37888,668
37899,667
37910,667
37922,666
37934,666
37945,666
37956,666
37967,665
37979,666
37991,665
38002,665
38013,664
38025,664
38036,663
38048,663
38060,663
38071,663
38082,663
38093,662
38105,662
38117,662
38128,662
38139,662
38151,662
38162,661
38173,662
38185,663
38197,664
38208,665
38219,668
38231,670
38242,671
38254,672
38265,673
38277,673
38288,673
38299,673
38310,673
38323,672
38334,672
38345,671
38356,671
38368,671
38380,671
38391,671
38403,670
38414,669
38425,669
38436,669
38449,669
38460,669
38471,669
38482,669
38494,670
38505,669
38517,669
38529,669
38540,669
38551,670
38562,670
38574,670
38586,670
38597,670
38608,670
38620,670
38631,669
38642,669
38654,668
38666,668
38677,667
38688,667
38700,667
38711,667
38723,667
38734,667
38746,666
38757,666
38768,665
38780,665
38792,665
38803,665
38814,664
38825,665
38837,665
38849,664
38860,664
38872,664
38883,664
38894,663
38905,664
38918,665
38929,665
38940,667
38951,669
38963,671
38974,673
38986,673
38998,674
39009,675
39020,675
39031,675
39043,675
39055,675
39066,674
39077,674
39089,674
39100,673
39112,673
39123,672
39135,672
39146,671
39157,671
39169,671
39181,670
39192,671
39203,671
39215,671
39226,670
39237,670
39249,670
39261,671
39272,671
39283,671
39294,671
39306,671
39318,671
39329,671
39341,671
39352,670
39363,670
39374,670
39387,669
39398,669
39409,669
39420,669
39432,668
39443,668
39455,668
39467,667
39478,667
39489,666
39500,666
39513,666
39524,666
39535,666
39546,665
39558,665
39569,665
39581,665
39592,664
39604,664
39615,664
39626,664
39638,664
39650,664
39661,664
39672,663
39684,663
39695,663
39706,663
39718,662
39730,663
39741,664
39752,665
39763,666
39775,667
39787,669
39798,670
39810,671
39821,672
39832,673
39844,673
39856,673
39867,673
39878,673
39889,672
39901,672
39913,671
39924,671
39936,670
39947,670
39958,670
39969,669
39982,670
39993,669
40004,668
40015,668
40027,668
40038,668
40050,668
40061,669
40073,669
40084,669
40095,670
40107,670
40119,669
40130,669
40141,669
40153,669
40164,669
40175,669
40187,668
40199,669
40210,668
40221,668
40232,667
40245,667
40256,666
40267,666
40279,666
40290,665
40301,665
40313,665
40325,666
40336,665
40347,665
40358,664
40370,664
40382,664
40393,664
40404,664
40416,664
40427,664
40438,664
40451,664
40462,663
40473,663
40484,663
40496,663
40507,663
40519,662
40530,662
40542,663
40553,662
40564,662
40577,662
40588,662
40599,663
40610,664
40622,665
40633,667
40645,668
40656,670
40668,672
40679,672
40690,672
40701,672
40714,672
40725,672
40736,672
40748,672
40759,671
40770,671
40782,671
40794,671
40805,670
40816,669
40827,669
40839,669
40851,668
40862,668
40873,668
40885,668
40896,668
40907,669
40920,669
40931,669
40942,670
40953,670
40965,671
40977,671
40988,671
40999,671
41011,671
41022,671
41033,671
41046,670
41057,669
41068,669
41079,668
41091,667
41102,667
41114,666
41125,666
41137,666
41148,666
41159,665
41170,664
41183,663
41194,663
41205,662
41217,662
41228,662
41239,662
41251,662
41263,662
41274,662
41285,662
41296,661
41309,661
41320,661
41331,662
41342,661
41354,662
41365,662
41377,663
41389,664
41400,666
41411,667
41422,669
41434,671
41446,672
41457,673
41468,673
41480,673
41491,674
41502,673
41515,673
41526,672
41537,672
41548,672
41560,671
41571,670
41583,670
41594,669
41606,669
41617,669
41628,669
41639,669
41652,669
41663,669
41674,669
41686,669
41697,669
41709,668
41720,668
41732,668
41743,668
41754,668
41765,668
41778,668
41789,667
41800,667
41811,667
41823,667
41834,666
41846,666
41858,666
41869,666
41880,665
41891,666
41903,665
41915,666
41926,666
41937,666
41949,666
41960,666
41971,666
41984,666
41995,666
42006,666
42017,666
42029,667
42041,666
42052,666
42063,665
42075,665
42086,664
42097,664
42109,663
42121,664
42132,664
42143,665
42155,666
42166,668
42178,668
42189,669
42201,670
42212,671
42223,672
42234,672
42247,672
42258,672
42269,673
42280,673
42292,672
42303,672
42315,672
42327,671
42338,671
42349,670
42360,670
42372,670
42384,669
42395,669
42406,669
42418,669
42429,669
42441,669
42452,669
42464,669
42475,670
42486,669
42498,670
42510,670
42521,670
42532,670
42544,670
42555,669
42566,669
42578,669
42590,669
42601,669
42612,668
42624,668
42635,668
42647,668
42658,668
42670,667
42681,667
42692,667
42703,666
42716,666
42727,666
42738,665
42749,665
42761,665
42773,665
42784,666
42796,666
42807,668
42818,669
42829,671
42842,672
42853,674
42864,675
42875,676
42887,676
42898,677
42910,676
42921,676
42933,675
42944,675
42955,675
42967,674
42979,674
42990,673
43001,674
43013,674
43024,673
43035,672
43047,672
43059,672
43070,671
43081,671
43092,671
43104,671
43116,672
43127,672
43139,672
43150,672
43161,672
43173,672
43185,672
43196,672
43207,672
43218,672
43230,673
43242,672
43253,673
43265,672
43276,673
43287,673
43298,672
43311,672
43322,672
43333,672
43344,672
43356,672
43367,671
43379,671
43390,670
43402,670
43413,670
43424,669
43436,669
43448,669
43459,670
43470,670
43482,671
43493,673
43505,674
43516,675
43528,676
43539,676
43550,677
43561,678
43574,677
43585,677
43596,677
43608,677
43619,676
43630,676
43642,675
43654,675
43665,675
43676,674
43687,674
43699,674
43711,674
43722,674
43734,674
43745,674
43756,674
43767,674
43780,674
43791,674
43802,675
43813,674
43825,674
43836,674
43848,674
43859,674
43871,674
43882,674
43893,674
43906,674
43917,674
43928,674
43939,674
43951,676
43962,676
43974,676
43985,677
43997,676
44008,677
44019,677
44030,678
44043,678
44054,678
44065,678
44077,678
44088,679
44099,678
44111,679
44123,680
44134,681
44145,683
44156,685
44168,687
44180,687
44191,689
44203,690
44214,690
44225,690
44237,689
44249,689
44260,688
44271,688
44282,687
44294,687
44306,687
44317,687
44328,687
44340,686
44351,685
44362,685
44375,684
44386,684
44397,683
44408,683
44420,684
44431,684
44443,684
44454,684
44466,683
44477,683
44488,683
44499,683
44512,684
44523,683
44534,683
44546,684
44557,683
44568,683
44580,683
44592,683
44603,683
44614,682
44625,681
44638,681
44649,681
44660,680
44672,680
44683,679
44694,680
44706,679
44718,679
44729,679
44740,679
44751,678
44763,677
44775,677
44786,677
44797,677
44809,677
44820,678
44831,680
44844,681
44855,683
44866,684
44877,685
44889,685
44900,686
44912,686
44923,686
44935,686
44946,685
44957,684
44969,684
44981,684
44992,684
45003,683
45015,682
45026,681
45038,681
45049,680
45061,679
45072,678
45083,678
45094,678
45107,679
45118,678
45129,677
45140,677
45152,677
45163,677
45175,676
45187,677
45198,676
45209,676
45220,677
45232,677
45244,677
45255,677
45266,676
45278,676
45289,676
45300,675
45313,676
45324,675
45335,675
45346,675
45358,675
45370,674
45381,674
45392,673
45404,672
45415,672
45426,671
45438,671
45450,670
45461,671
45472,671
45484,672
45495,673
45507,673
45518,674
45530,674
45541,674
45552,675
45563,675
45576,675
45587,675
45598,675
45609,674
45621,674
45632,674
45644,674
45656,673
45667,672
45678,672
45689,671
45702,670
45713,670
45724,669
45735,669
45747,669
45758,669
45770,669
45782,669
45793,669
45804,669
45815,669
45827,669
45839,669
45850,668
45861,668
45873,668
45884,668
45895,668
45907,668
45919,668
45930,667
45941,667
45953,667
45964,666
45976,666
45987,666
45999,665
46010,666
46021,666
46032,666
46045,665
46056,664
46067,665
46078,665
46090,665
46102,666
46113,667
46125,669
46136,670
46147,671
46158,673
46171,674
46182,674
46193,674
46204,674
46216,673
46227,673
46239,672
46251,672
46262,672
46273,672
46284,672
46296,671
46308,671
46319,670
46330,670
46342,669
46353,669
46364,669
46376,668
46388,668
46399,668
46410,669
46422,669
46434,669
46445,669
46456,669
46468,669
46479,669
46490,669
46502,668
46514,669
46525,669
46536,668
46547,668
46559,668
46571,668
46582,668
46594,667
46605,667
46616,666
46627,666
46640,666
46651,665
46662,665
46673,665
46685,666
46696,666
46708,666
46720,667
46731,667
46742,669
46753,669
46765,671
46777,671
46788,672
46799,672
46811,672
46822,673
46834,672
46845,672
46857,672
46868,671
46879,670
46891,670
46903,669
46914,668
46925,668
46937,668
46948,668
46959,667
46971,667
46983,667
46994,666
47005,666
47016,666
47028,665
47040,666
47051,665
47063,665
47074,665
47085,665
47096,664
47109,664
47120,664
47131,664
47142,663
47154,663
47166,663
47177,663
47188,663
47200,663
47211,662
47222,662
47235,661
47246,661
47257,661
47268,661
47280,661
47291,660
47303,661
47314,662
47326,662
47337,664
47348,664
47360,665
47372,666
47383,666
47394,666
47406,666
47417,666
47428,666
47440,666
47452,666
47463,665
47474,665
47485,664
47497,664
47509,664
47520,664
47532,663
47543,664
47554,662
47566,662
47578,662
47589,661
47600,661
47611,660
47623,660
47635,660
47646,660
47657,660
47669,659
47680,659
47691,659
47704,658
47715,658
47726,658
47737,658
47749,658
47760,657
47772,657
47783,657
47795,656
47806,656
47817,656
47828,656
47841,656
47852,655
47863,655
47875,655
47886,655
47898,655
47909,655
47921,655
47932,655
47943,655
47954,656
47967,656
47978,657
47989,657
48001,657
48012,657
48023,657
48035,657
48047,657
48058,657
48069,656
48080,656
48092,655
48104,655
48115,654
48126,654
48138,654
48149,653
48160,652
48173,652
48184,652
48195,652
48206,651
48218,651
48229,651
48241,651
48252,651
48264,650
48275,650
48286,650
48299,650
48310,650
48321,650
48332,650
48344,649
48355,649
48367,649
48378,648
48390,648
48401,647
48412,647
48423,647
48436,647
48447,647
48458,648
48470,649
48481,650
48492,652
48504,653
48516,654
48527,655
48538,656
48549,657
48561,657
48573,657
48584,658
48595,658
48607,658
48618,659
48630,658
48642,658
48653,658
48664,657
48675,657
48687,657
48699,657
48710,656
48721,656
48733,656
48744,657
48755,656
48768,656
48779,656
48790,656
48801,656
48813,655
48824,655
48836,655
48847,654
48859,654
48870,654
48881,653
48892,653
48905,652
48916,652
48927,651
48939,651
48950,650
48961,651
48973,650
48985,650
48996,651
49007,650
49018,651
49031,651
49042,653
49053,654
49064,655
49076,657
49087,658
49099,659
49111,660
49122,660
49133,661
49144,661
49156,661
49168,661
49179,660
49190,660
49202,659
49213,659
49224,658
49236,658
49248,658
49259,657
49270,656
49282,656
49293,656
49305,656
49316,656
49328,655
49339,655
49350,655
49362,654
49374,654
49385,654
49396,654
49408,654
49419,655
49431,655
49442,655
49454,654
49465,654
49476,654
49487,654
49500,654
49511,653
49522,654
49533,653
49545,653
49556,654
49568,653
49580,653
49591,653
49602,654
49613,655
49625,655
49637,656
49648,657
49659,658
49671,658
49682,659
49693,659
49705,659
49717,659
49728,658
49739,658
49751,658
49763,657
49774,657
49785,657
49797,657
49808,656
49819,656
49831,655
49843,655
49854,655
49865,655
49876,655
49888,654
49900,654
49911,654
49923,653
49934,653
49945,653
49956,653
49969,653
49980,653
49991,653
50002,653
50014,654
50025,653
50037,653
50049,653
50060,652
50071,652
50082,652
50095,651
50106,651
50117,651
50128,651
50140,651
50151,651
50163,652
50174,653
50186,654
50197,655
50208,656
50220,656
50232,656
50243,656
50254,657
50266,656
50277,656
50288,656
50300,656
50312,655
50323,655
50334,655
50345,655
50357,654
50369,654
50380,654
50392,654
50403,653
50414,653
50425,652
50438,652
50449,652
50460,651
50471,651
50483,651
50495,651
50506,651
50518,651
50529,652
50540,651
50551,651
50564,651
50575,650
50586,650
50597,650
50609,649
50620,649
50632,649
50643,649
50655,649
50666,648
50677,649
50689,648
50701,649
50712,650
50723,650
50735,650
50746,651
50757,651
50769,652
50781,652
50792,653
50803,653
50814,653
50827,653
50838,653
50849,653
50861,652
50872,652
50883,652
50895,651
50907,651
50918,651
50929,651
50940,650
50952,650
50964,650
50975,649
50987,649
50998,649
51009,649
51020,648
51033,648
51044,648
51055,648
51066,648
51078,648
51089,648
51101,647
51112,647
51124,647
51135,647
51146,647
51158,647
51170,646
51181,647
51192,646
51204,646
51215,646
51227,646
51238,645
51250,646
51261,646
51272,646
51283,646
51296,648
51307,648
51318,650
51330,649
51341,650
51352,650
51364,650
51376,650
51387,650
51398,650
51409,650
51421,649
51433,649
51444,649
51456,649
51467,648
51478,648
51489,647
51502,647
51513,647
51524,646
51535,646
51547,646
51559,647
51570,646
51581,646
51593,645
51604,645
51615,645
51628,645
51639,645
51650,645
51661,645
51673,645
51684,644
51696,645
51707,644
51719,644
51730,645
51741,644
51752,644
51765,644
51776,643
51787,643
51799,643
51810,643
51821,644
51833,644
51845,645
51856,646
51867,647
51878,648
51890,648
51902,648
51913,649
51924,649
51936,649
51947,648
51959,648
51971,648
51982,647
51993,648
52004,647
52016,647
52028,647
52039,646
52050,646
52062,646
52073,646
52084,646
52097,645
52108,645
52119,645
52130,644
52142,644
52153,644
52165,644
52176,644
52188,644
52199,644
52210,644
52221,644
52234,644
52245,644
52256,643
52268,643
52279,643
52291,643
52302,642
52314,642
52325,642
52336,642
52347,643
52360,643
52371,643
52382,644
52393,644
52405,645
52416,645
52428,646
52440,646
52451,647
52462,647
52473,648
52485,648
52497,648
52508,647
52519,647
52531,647
52542,646
52553,646
52566,646
52577,646
52588,645
52599,645
52611,645
52622,645
52634,644
52645,644
52657,644
52668,643
52679,643
52691,643
52703,643
52714,643
52725,644
52737,643
52748,643
52760,642
52771,642
52783,642
52794,642
52805,642
52816,642
52829,642
52840,642
52851,642
52862,642
52874,641
52885,641
52897,641
52909,641
52920,641
52931,642
52942,642
52954,643
52966,644
52977,645
52988,645
53000,645
53011,646
53023,646
53035,646
53046,646
53057,646
53068,646
53080,646
53092,646
53103,645
53114,645
53126,645
53137,644
53148,644
53160,643
53172,643
53183,643
53194,642
53206,642
53217,642
53229,642
53240,642
53252,642
53263,642
53274,641
53285,642
53298,642
53309,641
53320,641
53331,641
53343,642
53354,642
53366,641
53378,641
53389,641
53400,640
53411,641
53424,640
53435,640
53446,640
53457,640
53469,640
53480,640
53492,640
53504,641
53515,641
53526,642
53537,642
53549,643
53561,644
53572,644
53583,646
53595,646
53606,646
53617,646
53629,646
53641,646
53652,645
53663,645
53675,645
53686,645
53698,644
53709,644
53721,644
53732,644
53743,643
53755,643
53767,643
53778,643
53789,642
53800,642
53812,642
53824,642
53835,642
53847,642
53858,642
53869,642
53880,641
53893,642
53904,641
53915,641
53926,642
53938,642
53949,641
53961,642
53972,641
53984,641
53995,641
54006,640
54018,640
54030,640
54041,640
54052,640
54064,640
54075,640
54086,641
54098,641
54110,642
54121,643
54132,643
54144,644
54156,645
54167,645
54178,645
54190,645
54201,645
54212,646
54224,646
54236,645
54247,645
54258,644
54269,644
54281,643
54293,643
54304,642
54316,643
54327,642
54338,642
54349,642
54362,642
54373,641
54384,641
54395,641
54407,640
54418,641
54430,640
54441,640
54453,641
54464,641
54475,641
54488,641
54499,640
